"Fixture Date"	"Fixture ID"	"Competition ID"	"Home Team ID"	"Away Team ID"	"Probability Of Home Win"
853	8827	11	216	217	0.0548329742875503
853	3169	27	114	66	0.890334051424899
853	8828	11	221	214	0.0548329742875506
853	3170	27	62	60	0.0548329742875505
853	4350	3	241	233	0.890334051424899
853	4352	3	235	242	0.0548329742875505
853	8829	11	219	34	0.0548329742875503
853	4351	3	240	241	0.0548329742875504
853	4353	3	237	234	0.890334051424899
853	8466	10	10	29	0.0548329742875505
853	6596	6	207	17	0.890334051424899
853	5367	5	168	177	0.890334051424899
853	5368	5	169	178	0.890334051424899
853	5369	5	205	180	0.0548329742875504
853	7343	7	206	184	0.0548329742875503
853	3822	21	165	169	0.890334051424899
853	3819	21	4	143	0.890334051424899
853	8465	10	30	12	0.0548329742875503
853	5370	5	39	174	0.890334051424899
853	6592	6	186	22	0.890334051424899
853	6595	6	178	16	0.890334051424899
853	6594	6	224	23	0.890334051424899
853	7344	7	192	183	0.890334051424899
853	7345	7	187	37	0.890334051424899
853	3821	21	268	175	0.0548329742875504
853	7346	7	202	186	0.0548329742875506
853	6593	6	23	194	0.0548329742875505
853	3168	33	88	82	0.890334051424899
853	3775	24	161	163	0.0548329742875505
853	3774	24	159	161	0.890334051424899
853	968	41	127	130	0.890334051424899
853	3772	24	156	160	0.0548329742875503
853	3771	24	152	158	0.0548329742875505
853	967	41	124	121	0.890334051424899
853	3773	24	153	157	0.0548329742875505
853	965	41	123	128	0.890334051424899
853	3776	24	163	165	0.0548329742875503
853	966	41	121	127	0.890334051424899
899	8830	11	32	32	0.0548329742875504
899	8831	11	218	221	0.890334051424899
899	3171	27	56	36	0.0548329742875505
899	6591	6	203	182	0.890334051424899
899	3252	14	20	198	0.890334051424899
899	3824	21	247	42	0.890334051424899
899	5371	5	173	179	0.0548329742875506
899	3820	21	41	40	0.0548329742875504
899	6597	6	17	192	0.0548329742875503
960	8832	11	212	215	0.890334051424899
964	8833	11	213	224	0.890334051424899
964	3260	14	18	225	0.890334051424899
968	8834	11	210	222	0.890334051424899
968	8835	11	215	34	0.890334051424899
968	4354	3	236	241	0.0548329742875505
968	8467	10	28	3	0.890334051424899
968	3255	14	184	57	0.890334051424899
968	3261	14	8	114	0.890334051424899
968	3259	14	52	213	0.890334051424899
968	3257	14	263	10	0.890334051424899
968	3254	14	113	25	0.890334051424899
968	3258	14	223	21	0.0548329742875504
968	7349	7	192	188	0.890334051424899
968	7348	7	181	190	0.890334051424899
968	5372	5	174	172	0.890334051424899
968	969	41	51	129	0.890334051424899
971	8836	11	214	32	0.0548329742875504
971	3173	27	114	59	0.890334051424899
971	8837	11	32	220	0.890334051424899
971	3174	27	58	65	0.0548329742875504
971	4355	3	233	244	0.0548329742875504
971	153	16	140	141	0.890334051424899
971	4359	3	239	246	0.890334051424899
971	4360	3	231	232	0.0548329742875505
971	4358	3	230	273	0.0548329742875506
971	4356	3	235	243	0.0548329742875505
971	152	16	50	147	0.890334051424899
971	8468	10	13	31	0.0548329742875504
971	6598	6	15	227	0.0548329742875507
971	5373	5	177	41	0.0548329742875504
971	3826	21	40	144	0.890334051424899
971	5374	5	171	176	0.890334051424899
971	5375	5	176	170	0.890334051424899
971	3829	21	172	43	0.890334051424899
971	3828	21	166	272	0.0548329742875505
971	7350	7	202	13	0.890334051424899
971	3825	21	38	143	0.890334051424899
971	8469	10	11	11	0.890334051424899
971	6604	6	191	23	0.890334051424899
971	5376	5	164	171	0.0548329742875504
971	7351	7	206	266	0.890334051424899
971	7352	7	204	37	0.890334051424899
971	6602	6	17	207	0.890334051424899
971	6601	6	179	22	0.0548329742875506
971	7353	7	180	193	0.890334051424899
971	7354	7	183	191	0.890334051424899
971	6599	6	189	181	0.890334051424899
971	3778	24	153	164	0.0548329742875505
971	3781	24	156	166	0.890334051424899
971	971	41	125	122	0.890334051424899
971	970	41	119	124	0.890334051424899
971	3779	24	154	162	0.0548329742875503
971	973	41	123	123	0.890334051424899
971	974	41	118	126	0.0548329742875503
971	3782	24	158	165	0.0548329742875504
971	972	41	128	128	0.0548329742875504
971	3777	24	152	163	0.0548329742875507
971	3780	24	155	160	0.890334051424899
976	8838	11	211	223	0.890334051424899
976	8839	11	217	216	0.0548329742875504
976	3176	27	34	64	0.890334051424899
976	3175	27	57	66	0.890334051424899
976	4361	3	237	281	0.0548329742875505
976	6600	6	23	211	0.0548329742875504
976	3256	14	208	198	0.890334051424899
976	3830	21	247	5	0.890334051424899
976	5377	5	175	209	0.890334051424899
976	3827	21	170	168	0.890334051424899
976	6603	6	16	189	0.890334051424899
865	8840	11	219	217	0.0548329742875504
869	8841	11	212	33	0.890334051424899
874	8842	11	218	224	0.890334051424899
874	8843	11	33	221	0.890334051424899
874	4362	3	238	235	0.0548329742875504
874	8472	10	30	3	0.890334051424899
874	7355	7	185	210	0.890334051424899
874	7356	7	187	208	0.890334051424899
874	3833	21	41	169	0.890334051424899
874	5378	5	168	170	0.890334051424899
874	976	41	119	53	0.890334051424899
874	975	41	125	125	0.890334051424899
878	8844	11	31	215	0.0548329742875504
878	3178	27	61	66	0.0548329742875505
878	3179	27	57	116	0.890334051424899
878	3177	27	58	59	0.0548329742875505
878	8845	11	214	214	0.0548329742875505
878	4368	3	234	238	0.0548329742875504
878	4363	3	243	243	0.0548329742875504
878	155	16	140	147	0.0548329742875503
878	4366	3	239	239	0.0548329742875507
878	4365	3	233	232	0.890334051424899
878	4367	3	241	234	0.890334051424899
878	4369	3	230	240	0.0548329742875505
878	4364	3	276	273	0.0548329742875504
878	154	16	50	141	0.0548329742875506
878	6607	6	21	227	0.890334051424899
878	8470	10	11	28	0.0548329742875505
878	3836	21	142	250	0.0548329742875504
878	3835	21	165	42	0.0548329742875505
878	5379	5	39	178	0.890334051424899
878	3831	21	4	40	0.890334051424899
878	3952	15	227	269	0.890334051424899
878	3953	15	305	248	0.0548329742875503
878	5381	5	174	179	0.0548329742875504
878	3956	15	182	312	0.890334051424899
878	3955	15	195	229	0.890334051424899
878	3954	15	25	268	0.890334051424899
878	5380	5	169	167	0.0548329742875504
878	5382	5	205	176	0.0548329742875504
878	3951	15	109	249	0.0548329742875504
878	3834	21	268	173	0.890334051424899
878	8471	10	13	11	0.890334051424899
878	6606	6	186	24	0.890334051424899
878	6605	6	203	16	0.890334051424899
878	6609	6	207	192	0.0548329742875506
878	7357	7	180	186	0.890334051424899
878	7358	7	190	206	0.890334051424899
878	7359	7	35	184	0.0548329742875503
878	7360	7	262	191	0.890334051424899
878	6611	6	191	18	0.890334051424899
878	3786	24	162	159	0.890334051424899
878	3788	24	163	161	0.890334051424899
878	3785	24	160	158	0.0548329742875504
878	980	41	126	129	0.890334051424899
878	979	41	128	123	0.0548329742875504
878	977	41	122	120	0.890334051424899
878	978	41	120	126	0.890334051424899
878	3784	24	159	156	0.890334051424899
878	3783	24	157	157	0.0548329742875504
878	3787	24	161	155	0.890334051424899
883	8846	11	219	220	0.890334051424899
883	8847	11	213	219	0.0548329742875504
883	3180	27	62	36	0.890334051424899
883	6610	6	22	182	0.890334051424899
883	7361	7	12	195	0.0548329742875505
883	5383	5	177	174	0.890334051424899
883	6608	6	178	17	0.890334051424899
895	8848	11	221	34	0.0548329742875504
895	3172	27	58	64	0.0548329742875503
904	8849	11	218	218	0.890334051424899
904	3269	14	112	212	0.0548329742875504
909	8850	11	216	216	0.0548329742875506
909	4370	3	237	232	0.890334051424899
909	8473	10	10	3	0.0548329742875507
909	7362	7	35	195	0.0548329742875504
909	3265	14	54	267	0.0548329742875503
909	3267	14	209	115	0.0548329742875503
909	3262	14	24	54	0.0548329742875503
909	3266	14	9	187	0.890334051424899
909	3263	14	222	9	0.890334051424899
909	3264	14	194	226	0.890334051424899
909	7363	7	188	190	0.890334051424899
909	5384	5	173	41	0.0548329742875504
909	982	41	121	128	0.890334051424899
909	981	41	118	130	0.890334051424899
913	8851	11	32	223	0.0548329742875505
913	3181	27	63	59	0.0548329742875504
913	3182	27	57	36	0.0548329742875504
913	8852	11	210	217	0.0548329742875504
913	4376	3	231	236	0.0548329742875504
913	4373	3	236	246	0.890334051424899
913	4377	3	234	242	0.0548329742875504
913	4371	3	276	233	0.890334051424899
913	8853	11	217	219	0.0548329742875506
913	4375	3	240	235	0.0548329742875505
913	4374	3	238	238	0.890334051424899
913	4372	3	269	244	0.890334051424899
913	6612	6	15	192	0.890334051424899
913	7364	7	12	184	0.890334051424899
913	3837	21	166	143	0.890334051424899
913	3842	21	142	5	0.890334051424899
913	3840	21	40	272	0.0548329742875502
913	5386	5	167	172	0.890334051424899
913	3959	15	245	26	0.890334051424899
913	3958	15	264	199	0.890334051424899
913	3960	15	265	311	0.890334051424899
913	5385	5	164	177	0.890334051424899
913	5388	5	175	180	0.0548329742875504
913	3962	15	182	111	0.890334051424899
913	3957	15	226	312	0.890334051424899
913	3961	15	246	230	0.890334051424899
913	8474	10	28	12	0.890334051424899
913	6613	6	23	182	0.890334051424899
913	6618	6	16	207	0.890334051424899
913	6617	6	22	22	0.890334051424899
913	7366	7	202	266	0.890334051424899
913	7365	7	206	183	0.890334051424899
913	8475	10	27	14	0.890334051424899
913	7368	7	204	186	0.890334051424899
913	7367	7	190	188	0.890334051424899
913	6616	6	17	189	0.890334051424899
913	3793	24	159	159	0.890334051424899
913	3789	24	152	166	0.0548329742875506
913	3790	24	153	161	0.0548329742875505
913	3791	24	154	164	0.890334051424899
913	983	41	124	53	0.890334051424899
913	984	41	123	121	0.0548329742875503
913	985	41	127	127	0.0548329742875504
913	3794	24	160	160	0.890334051424899
913	3792	24	155	165	0.0548329742875505
918	8854	11	33	32	0.890334051424899
918	3183	27	61	65	0.0548329742875505
918	8855	11	221	215	0.0548329742875505
918	3184	27	58	116	0.0548329742875505
918	6615	6	207	181	0.0548329742875505
918	3268	14	20	19	0.890334051424899
918	3839	21	247	168	0.890334051424899
918	5389	5	176	171	0.890334051424899
918	3838	21	172	40	0.890334051424899
918	3841	21	170	43	0.0548329742875503
918	5387	5	171	209	0.0548329742875505
918	6614	6	224	194	0.890334051424899
918	986	41	122	122	0.0548329742875504
931	8856	11	32	222	0.890334051424899
936	8857	11	216	224	0.0548329742875505
936	3271	14	184	225	0.890334051424899
941	8858	11	215	214	0.0548329742875504
941	3272	14	208	25	0.890334051424899
941	3274	14	209	114	0.0548329742875504
941	3276	14	52	9	0.890334051424899
941	3270	14	113	21	0.890334051424899
941	3277	14	18	57	0.890334051424899
941	3273	14	263	198	0.890334051424899
941	7369	7	188	37	0.890334051424899
941	7370	7	185	186	0.890334051424899
941	3846	21	41	42	0.890334051424899
941	5390	5	173	180	0.0548329742875504
941	3845	21	141	173	0.8903340514249
941	987	41	51	120	0.0548329742875504
941	988	41	124	124	0.890334051424899
945	8859	11	212	218	0.890334051424899
945	3185	27	114	64	0.890334051424899
945	4357	3	232	237	0.890334051424899
945	8860	11	217	223	0.0548329742875505
945	8861	11	211	34	0.0548329742875504
945	3186	27	62	66	0.890334051424899
945	8476	10	27	29	0.890334051424899
945	6625	6	191	189	0.0548329742875503
945	3848	21	165	144	0.890334051424899
945	3847	21	268	250	0.890334051424899
945	5391	5	167	177	0.0548329742875505
945	3965	15	25	269	0.890334051424899
945	3844	21	38	169	0.0548329742875504
945	3843	21	4	175	0.0548329742875501
945	5393	5	168	172	0.0548329742875505
945	5392	5	39	209	0.890334051424899
945	7371	7	262	208	0.0548329742875503
945	5394	5	176	167	0.890334051424899
945	3967	15	306	268	0.890334051424899
945	3964	15	305	249	0.0548329742875505
945	3963	15	227	111	0.890334051424899
945	3968	15	226	185	0.890334051424899
945	156	16	144	52	0.890334051424899
945	6622	6	21	24	0.890334051424899
945	6620	6	15	23	0.890334051424899
945	6624	6	179	227	0.0548329742875505
945	6619	6	203	211	0.0548329742875502
945	7372	7	206	193	0.0548329742875503
945	7373	7	180	13	0.890334051424899
945	7374	7	181	206	0.890334051424899
945	7375	7	187	195	0.890334051424899
945	6621	6	189	17	0.890334051424899
945	157	16	139	142	0.0548329742875503
945	3799	24	162	155	0.890334051424899
945	3796	24	156	156	0.890334051424899
945	3798	24	158	163	0.0548329742875506
945	3800	24	161	162	0.890334051424899
945	3797	24	157	166	0.890334051424899
945	990	41	128	125	0.0548329742875506
945	991	41	120	121	0.890334051424899
945	989	41	126	127	0.0548329742875504
945	3795	24	154	158	0.890334051424899
954	8862	11	213	33	0.890334051424899
954	8863	11	31	222	0.0548329742875505
954	3187	27	56	60	0.890334051424899
954	3188	27	34	61	0.890334051424899
954	3275	14	223	10	0.890334051424899
954	5395	5	171	178	0.890334051424899
954	3966	15	195	248	0.0548329742875503
954	6623	6	178	18	0.0548329742875501
954	992	41	121	129	0.890334051424899
151	8864	11	210	220	0.890334051424899
159	8865	11	211	219	0.0548329742875504
159	3280	14	194	19	0.890334051424899
163	8866	11	32	224	0.890334051424899
163	3278	14	24	226	0.890334051424899
163	3279	14	222	54	0.890334051424899
163	3284	14	8	267	0.890334051424899
163	3285	14	112	10	0.890334051424899
163	3281	14	54	213	0.890334051424899
163	3283	14	20	187	0.890334051424899
163	7377	7	181	266	0.890334051424899
163	7378	7	192	210	0.0548329742875503
163	7376	7	185	37	0.890334051424899
163	5396	5	164	41	0.0548329742875504
168	8867	11	218	216	0.0548329742875506
168	3189	27	114	65	0.890334051424899
168	4379	3	231	273	0.0548329742875505
168	4381	3	234	243	0.0548329742875505
168	4378	3	241	281	0.890334051424899
168	8868	11	219	32	0.890334051424899
168	3190	27	57	61	0.890334051424899
168	8869	11	213	221	0.890334051424899
168	6631	6	22	192	0.890334051424899
168	3849	21	40	143	0.0548329742875504
168	3852	21	142	272	0.0548329742875504
168	7379	7	180	208	0.890334051424899
168	3972	15	246	26	0.0548329742875502
168	5399	5	177	171	0.0548329742875505
168	3970	15	245	312	0.890334051424899
168	3854	21	165	5	0.890334051424899
168	5398	5	175	176	0.890334051424899
168	3971	15	265	199	0.890334051424899
168	3969	15	264	229	0.890334051424899
168	5397	5	174	174	0.0548329742875504
168	3973	15	109	311	0.890334051424899
168	3974	15	182	230	0.0548329742875504
168	158	16	144	142	0.0548329742875504
168	6627	6	23	16	0.890334051424899
168	6630	6	17	22	0.0548329742875504
168	6629	6	207	182	0.890334051424899
168	7380	7	202	191	0.0548329742875504
168	7381	7	190	190	0.890334051424899
168	7382	7	183	13	0.890334051424899
168	5400	5	169	179	0.0548329742875504
168	6632	6	191	207	0.890334051424899
168	159	16	139	52	0.0548329742875505
168	3802	24	153	165	0.0548329742875506
168	3804	24	157	162	0.0548329742875503
168	998	41	120	53	0.890334051424899
168	993	41	122	123	0.890334051424899
168	3806	24	163	164	0.0548329742875504
168	3803	24	155	161	0.890334051424899
168	996	41	119	120	0.8903340514249
168	997	41	126	126	0.0548329742875504
168	3801	24	152	159	0.890334051424899
168	3805	24	160	157	0.890334051424899
168	994	41	125	130	0.890334051424899
168	4380	3	233	240	0.890334051424899
168	995	41	127	125	0.0548329742875505
172	8870	11	214	220	0.0548329742875505
172	4382	3	229	233	0.890334051424899
172	3192	27	63	36	0.0548329742875507
172	8871	11	210	34	0.0548329742875504
172	4384	3	238	242	0.890334051424899
172	4385	3	232	246	0.890334051424899
172	4383	3	235	239	0.890334051424899
172	3191	27	61	59	0.0548329742875505
172	6626	6	186	181	0.0548329742875504
172	3282	14	208	115	0.890334051424899
172	3853	21	247	43	0.890334051424899
172	3851	21	166	175	0.0548329742875504
172	3850	21	170	40	0.0548329742875505
172	5401	5	205	170	0.890334051424899
172	6628	6	224	17	0.890334051424899
86	8872	11	214	219	0.0548329742875505
90	8873	11	33	33	0.890334051424899
90	3292	14	52	21	0.890334051424899
94	8874	11	217	215	0.0548329742875504
94	8477	10	2	12	0.0548329742875505
94	3291	14	223	57	0.890334051424899
94	3288	14	263	225	0.890334051424899
94	3286	14	113	114	0.890334051424899
94	3289	14	9	198	0.890334051424899
94	3290	14	209	212	0.890334051424899
94	3287	14	184	25	0.890334051424899
94	5769	25	190	180	0.890334051424899
94	1222	26	179	178	0.0548329742875506
94	999	41	120	124	0.890334051424899
94	1003	41	118	53	0.890334051424899
94	1001	41	125	128	0.890334051424899
97	8875	11	216	222	0.890334051424899
97	4386	3	229	244	0.0548329742875505
97	4390	3	235	246	0.890334051424899
97	4388	3	276	236	0.0548329742875504
97	4393	3	234	241	0.0548329742875505
97	4392	3	239	235	0.0548329742875507
97	4389	3	269	240	0.0548329742875503
97	3193	27	61	60	0.0548329742875506
97	4391	3	230	234	0.0548329742875505
97	8876	11	212	214	0.0548329742875503
97	4387	3	236	243	0.0548329742875504
97	3194	27	34	116	0.0548329742875503
97	8877	11	31	217	0.0548329742875504
97	1226	26	272	23	0.0548329742875506
97	1228	26	76	206	0.0548329742875505
97	5770	25	164	194	0.0548329742875503
97	1224	26	183	24	0.890334051424899
97	8478	10	13	29	0.0548329742875505
97	1225	26	169	207	0.890334051424899
97	1230	26	167	266	0.890334051424899
97	1223	26	206	16	0.890334051424899
97	1227	26	204	211	0.890334051424899
97	1229	26	174	192	0.0548329742875505
97	5771	25	39	190	0.0548329742875506
97	5772	25	224	188	0.890334051424899
97	8479	10	30	28	0.0548329742875505
97	5773	25	192	174	0.890334051424899
97	5774	25	180	18	0.0548329742875503
97	1231	26	178	209	0.0548329742875505
97	3811	24	161	160	0.0548329742875505
97	1000	41	124	121	0.0548329742875505
97	3858	21	141	250	0.890334051424899
97	3812	24	163	156	0.890334051424899
97	3860	21	268	168	0.890334051424899
97	3808	24	158	155	0.0548329742875506
97	3810	24	162	157	0.890334051424899
97	3809	24	159	163	0.890334051424899
97	3857	21	38	42	0.890334051424899
97	1002	41	123	123	0.890334051424899
97	3855	21	4	169	0.890334051424899
97	3856	21	172	173	0.890334051424899
97	3807	24	156	158	0.0548329742875504
100	8878	11	215	223	0.890334051424899
100	3195	27	63	61	0.890334051424899
100	8879	11	221	218	0.890334051424899
100	3196	27	56	65	0.0548329742875505
100	5775	25	168	189	0.890334051424899
100	5776	25	21	191	0.0548329742875502
100	3293	14	18	9	0.890334051424899
100	5777	25	181	179	0.0548329742875505
100	5778	25	16	176	0.0548329742875504
100	3859	21	41	144	0.890334051424899
115	8880	11	33	217	0.0548329742875503
115	1233	26	203	186	0.890334051424899
115	1240	26	22	277	0.890334051424899
115	1232	26	202	177	0.0548329742875507
115	5779	25	171	183	0.890334051424899
115	3864	21	170	169	0.0548329742875506
115	1004	41	125	125	0.890334051424899
115	1005	41	120	121	0.890334051424899
123	8881	11	212	222	0.890334051424899
123	4394	3	236	237	0.890334051424899
123	4401	3	231	281	0.890334051424899
123	4398	3	240	242	0.890334051424899
123	4399	3	232	238	0.890334051424899
123	3197	27	114	65	0.890334051424899
123	8882	11	215	215	0.890334051424899
123	4400	3	230	236	0.0548329742875506
123	4395	3	243	241	0.0548329742875506
123	4397	3	241	240	0.890334051424899
123	4396	3	269	232	0.890334051424899
123	8883	11	210	33	0.890334051424899
123	5781	25	186	41	0.890334051424899
123	5780	25	187	171	0.890334051424899
123	1234	26	207	181	0.890334051424899
123	8480	10	28	12	0.890334051424899
123	1236	26	262	170	0.890334051424899
123	3861	21	142	143	0.0548329742875505
123	3863	21	40	175	0.0548329742875504
123	3866	21	268	5	0.890334051424899
123	1238	26	189	79	0.890334051424899
123	3865	21	165	43	0.0548329742875504
123	1235	26	175	210	0.890334051424899
123	1237	26	205	208	0.890334051424899
123	5783	25	185	17	0.890334051424899
123	5782	25	177	167	0.0548329742875504
123	8481	10	27	31	0.890334051424899
123	5785	25	17	195	0.890334051424899
123	5784	25	176	22	0.890334051424899
123	1239	26	15	182	0.0548329742875506
123	1241	26	23	172	0.890334051424899
123	3814	24	161	160	0.890334051424899
123	3816	24	159	158	0.890334051424899
123	3815	24	162	163	0.0548329742875505
123	3813	24	154	159	0.890334051424899
127	3198	27	57	36	0.890334051424899
127	5786	25	173	227	0.890334051424899
127	3862	21	247	40	0.0548329742875504
127	5787	25	188	184	0.0548329742875504
127	5788	25	191	193	0.890334051424899
138	3297	14	208	226	0.890334051424899
141	8884	11	212	214	0.890334051424899
141	7383	7	12	183	0.0548329742875503
141	7385	7	262	188	0.890334051424899
141	3301	14	112	267	0.890334051424899
141	3296	14	54	10	0.890334051424899
141	3300	14	8	21	0.890334051424899
141	3298	14	209	187	0.890334051424899
141	3295	14	194	25	0.890334051424899
141	3299	14	52	19	0.890334051424899
141	3872	21	41	272	0.890334051424899
141	8262	40	205	178	0.890334051424899
141	7384	7	192	206	0.890334051424899
141	7389	7	204	210	0.890334051424899
143	8885	11	215	217	0.890334051424899
143	3199	27	114	60	0.890334051424899
143	160	2	140	52	0.890334051424899
143	3980	15	264	185	0.0548329742875504
143	6635	6	189	189	0.890334051424899
143	8263	40	174	170	0.890334051424899
143	8265	40	168	180	0.890334051424899
143	3868	21	166	42	0.0548329742875505
143	3867	21	4	173	0.890334051424899
143	3871	21	141	168	0.890334051424899
143	3977	15	195	249	0.890334051424899
143	7386	7	183	193	0.0548329742875502
143	8266	40	176	174	0.890334051424899
143	3870	21	38	144	0.890334051424899
143	3869	21	172	250	0.890334051424899
143	8264	40	164	172	0.0548329742875505
143	8482	10	27	29	0.0548329742875503
143	6637	6	179	194	0.0548329742875506
143	6638	6	17	211	0.890334051424899
143	6633	6	203	24	0.0548329742875506
143	7387	7	187	184	0.890334051424899
143	7388	7	35	191	0.890334051424899
143	6636	6	178	227	0.890334051424899
143	3817	24	159	163	0.0548329742875504
146	6634	6	15	22	0.890334051424899
146	3294	14	222	115	0.890334051424899
146	3979	15	226	248	0.0548329742875504
146	3976	15	25	111	0.0548329742875503
146	3978	15	306	269	0.0548329742875506
146	3975	15	305	230	0.0548329742875503
146	8267	40	173	41	0.0548329742875504
146	6639	6	16	23	0.0548329742875505
146	3818	24	154	164	0.890334051424899
184	3307	14	20	10	0.890334051424899
213	3308	14	18	115	0.890334051424899
213	3304	14	208	54	0.890334051424899
213	3305	14	263	213	0.890334051424899
213	3302	14	24	57	0.890334051424899
213	3309	14	112	198	0.890334051424899
213	3303	14	184	9	0.890334051424899
213	7391	7	204	184	0.0548329742875502
213	7390	7	185	183	0.8903340514249
213	8268	40	167	171	0.890334051424899
213	8269	40	175	179	0.0548329742875504
238	862	2	201	142	0.0548329742875507
238	8270	40	39	167	0.890334051424899
238	3985	15	227	26	0.890334051424899
238	6641	6	23	192	0.0548329742875505
238	3986	15	305	185	0.0548329742875505
238	3983	15	246	312	0.890334051424899
238	3832	21	141	175	0.890334051424899
238	3984	15	109	199	0.0548329742875506
238	858	2	115	139	0.890334051424899
238	7392	7	183	195	0.0548329742875503
238	8271	40	171	209	0.0548329742875505
238	841	2	117	147	0.890334051424899
238	7393	7	206	206	0.890334051424899
238	6644	6	22	207	0.890334051424899
238	6645	6	16	182	0.890334051424899
238	6640	6	186	211	0.890334051424899
238	6646	6	191	16	0.890334051424899
238	741	2	135	150	0.890334051424899
238	756	2	146	276	0.890334051424899
244	6642	6	21	181	0.890334051424899
244	7394	7	12	193	0.0548329742875502
244	3306	14	223	225	0.0548329742875506
244	3982	15	265	229	0.890334051424899
244	3981	15	245	268	0.890334051424899
244	7395	7	188	266	0.890334051424899
244	7396	7	35	190	0.0548329742875503
244	8273	40	177	177	0.0548329742875506
244	8272	40	169	176	0.0548329742875504
244	6643	6	224	18	0.0548329742875503
253	3312	14	263	212	0.890334051424899
256	3313	14	9	25	0.890334051424899
256	3314	14	209	19	0.0548329742875506
256	3315	14	20	114	0.890334051424899
256	3311	14	222	57	0.890334051424899
256	3316	14	52	226	0.890334051424899
256	3317	14	8	198	0.890334051424899
256	8275	40	171	178	0.0548329742875505
256	8274	40	168	177	0.890334051424899
256	8276	40	173	167	0.890334051424899
186	758	2	261	203	0.890334051424899
186	762	2	146	154	0.890334051424899
186	8277	40	39	172	0.890334051424899
186	743	2	147	202	0.890334051424899
186	859	2	137	152	0.890334051424899
186	842	2	117	142	0.0548329742875504
186	744	2	115	52	0.890334051424899
186	757	2	200	148	0.890334051424899
186	742	2	135	141	0.890334051424899
186	745	2	136	147	0.0548329742875506
186	4426	4	276	242	0.890334051424899
186	4428	4	240	233	0.890334051424899
186	4427	4	229	246	0.890334051424899
189	3310	14	113	187	0.890334051424899
189	3989	15	306	111	0.0548329742875505
189	3987	15	25	311	0.890334051424899
189	3990	15	226	249	0.0548329742875504
189	3991	15	264	269	0.0548329742875505
189	3992	15	245	185	0.890334051424899
189	3988	15	195	230	0.890334051424899
189	8279	40	177	170	0.0548329742875505
189	8278	40	176	209	0.890334051424899
189	4431	4	238	234	0.890334051424899
189	4432	4	233	237	0.890334051424899
189	4429	4	236	240	0.890334051424899
189	4433	4	232	244	0.890334051424899
189	4430	4	269	238	0.890334051424899
200	3319	14	194	225	0.890334051424899
202	3318	14	24	21	0.890334051424899
202	3323	14	9	54	0.0548329742875505
202	3324	14	8	213	0.0548329742875504
202	3325	14	112	226	0.0548329742875504
202	3321	14	54	115	0.890334051424899
202	3320	14	184	267	0.890334051424899
202	5402	5	168	174	0.890334051424899
202	5403	5	169	176	0.890334051424899
204	866	2	146	204	0.0548329742875504
204	5404	5	164	209	0.890334051424899
204	5405	5	174	180	0.890334051424899
204	5406	5	176	178	0.890334051424899
204	760	2	197	152	0.0548329742875504
204	747	2	147	52	0.0548329742875503
204	761	2	198	148	0.890334051424899
204	748	2	115	140	0.890334051424899
204	759	2	150	203	0.890334051424899
204	843	2	117	205	0.890334051424899
204	860	2	137	147	0.0548329742875503
204	746	2	135	142	0.890334051424899
204	749	2	136	141	0.890334051424899
204	4436	4	230	242	0.0548329742875505
204	4434	4	237	241	0.0548329742875505
204	4435	4	233	235	0.890334051424899
204	4437	4	234	244	0.0548329742875505
207	3322	14	208	19	0.890334051424899
207	3996	15	227	312	0.890334051424899
207	3994	15	246	268	0.890334051424899
207	3997	15	305	199	0.890334051424899
207	3993	15	265	248	0.0548329742875503
207	3995	15	109	229	0.0548329742875504
207	3998	15	182	26	0.0548329742875504
207	5407	5	167	41	0.0548329742875504
207	4440	4	243	273	0.0548329742875503
207	4441	4	229	238	0.890334051424899
207	4438	4	231	239	0.0548329742875503
207	4439	4	240	281	0.890334051424899
222	7399	7	180	195	0.890334051424899
222	7398	7	190	208	0.890334051424899
222	7397	7	181	191	0.890334051424899
222	5409	5	205	172	0.890334051424899
222	5408	5	173	167	0.890334051424899
224	764	2	146	201	0.0548329742875504
224	7400	7	35	186	0.890334051424899
224	5412	5	175	177	0.890334051424899
224	5410	5	39	171	0.890334051424899
224	5411	5	177	170	0.890334051424899
224	6648	6	15	17	0.890334051424899
224	751	2	147	142	0.0548329742875503
224	765	2	198	140	0.890334051424899
224	766	2	261	205	0.0548329742875504
224	861	2	137	141	0.890334051424899
224	763	2	150	148	0.0548329742875505
224	844	2	117	52	0.890334051424899
224	863	2	151	203	0.0548329742875504
224	6647	6	203	227	0.0548329742875504
224	6651	6	207	194	0.0548329742875505
224	6653	6	17	24	0.890334051424899
224	6652	6	179	189	0.0548329742875505
224	752	2	115	147	0.890334051424899
224	750	2	135	204	0.890334051424899
224	753	2	136	152	0.0548329742875506
224	4442	4	235	246	0.890334051424899
224	4445	4	239	243	0.0548329742875504
224	4444	4	231	240	0.0548329742875504
224	4446	4	238	239	0.890334051424899
224	4447	4	230	281	0.0548329742875506
224	4443	4	269	232	0.890334051424899
227	6650	6	178	23	0.0548329742875504
227	7401	7	12	210	0.0548329742875503
227	5413	5	171	179	0.0548329742875503
227	7402	7	262	190	0.0548329742875504
227	6649	6	189	22	0.890334051424899
227	7403	7	202	188	0.890334051424899
227	4448	4	241	236	0.0548329742875505
227	4449	4	232	237	0.890334051424899
236	3331	14	20	212	0.890334051424899
241	3328	14	194	57	0.890334051424899
241	3327	14	222	114	0.890334051424899
241	3330	14	223	9	0.890334051424899
241	3326	14	113	10	0.890334051424899
241	3329	14	209	25	0.0548329742875504
241	3333	14	18	187	0.0548329742875502
241	7404	7	204	266	0.890334051424899
241	7405	7	187	188	0.890334051424899
241	5414	5	169	41	0.890334051424899
258	4407	3	235	233	0.890334051424899
258	4402	3	241	239	0.890334051424899
258	4403	3	238	236	0.890334051424899
258	4408	3	231	237	0.890334051424899
258	5415	5	167	174	0.890334051424899
258	6656	6	224	192	0.0548329742875505
258	3999	15	195	26	0.0548329742875504
258	4002	15	264	111	0.0548329742875506
258	4001	15	226	230	0.890334051424899
258	4000	15	306	311	0.890334051424899
258	4004	15	265	185	0.0548329742875505
258	4003	15	245	249	0.0548329742875503
258	7407	7	35	210	0.0548329742875505
258	5418	5	176	180	0.890334051424899
258	5416	5	168	209	0.890334051424899
258	7406	7	192	191	0.890334051424899
258	5417	5	174	176	0.0548329742875503
258	6655	6	21	211	0.890334051424899
258	6658	6	22	18	0.890334051424899
258	6654	6	186	207	0.0548329742875505
258	7409	7	202	193	0.0548329742875505
258	7410	7	12	186	0.0548329742875506
258	7408	7	181	183	0.890334051424899
258	6659	6	16	24	0.890334051424899
289	4409	3	276	246	0.890334051424899
289	4406	3	239	232	0.0548329742875505
289	4404	3	232	240	0.890334051424899
289	4405	3	269	243	0.0548329742875503
289	6657	6	179	16	0.0548329742875503
289	3332	14	52	267	0.890334051424899
289	5419	5	164	178	0.0548329742875504
289	6660	6	191	181	0.890334051424899
330	3341	14	8	212	0.890334051424899
333	3338	14	9	225	0.0548329742875505
333	3339	14	223	213	0.890334051424899
333	3334	14	24	114	0.0548329742875504
333	3336	14	54	21	0.890334051424899
333	1242	26	207	209	0.890334051424899
333	3340	14	52	115	0.890334051424899
333	3335	14	184	198	0.0548329742875504
333	5789	25	180	195	0.0548329742875505
333	5790	25	185	176	0.8903340514249
333	1243	26	23	207	0.890334051424899
336	4410	3	230	246	0.0548329742875505
336	4411	3	237	273	0.0548329742875505
336	4412	3	233	239	0.0548329742875505
336	4414	3	235	281	0.890334051424899
336	4413	3	232	243	0.890334051424899
336	4415	3	238	244	0.890334051424899
336	1246	26	272	266	0.0548329742875503
336	1249	26	76	192	0.0548329742875504
336	5791	25	39	171	0.0548329742875504
336	5792	25	21	184	0.0548329742875505
336	1248	26	183	172	0.890334051424899
336	1244	26	174	206	0.890334051424899
336	1250	26	204	181	0.890334051424899
336	1247	26	167	23	0.0548329742875504
336	1245	26	206	182	0.890334051424899
336	5794	25	16	227	0.890334051424899
336	5793	25	164	193	0.0548329742875504
336	5795	25	177	194	0.0548329742875503
336	1251	26	15	178	0.0548329742875504
339	4416	3	239	237	0.0548329742875504
339	4417	3	229	234	0.0548329742875507
339	5797	25	176	191	0.890334051424899
339	5796	25	187	189	0.890334051424899
339	3337	14	263	19	0.0548329742875504
339	5798	25	17	174	0.890334051424899
270	3344	14	194	54	0.890334051424899
273	1252	26	203	24	0.890334051424899
273	3345	14	208	57	0.890334051424899
273	3349	14	112	187	0.890334051424899
273	3343	14	222	25	0.890334051424899
273	3342	14	113	9	0.890334051424899
273	1253	26	179	210	0.0548329742875503
273	3346	14	209	10	0.890334051424899
273	3347	14	20	267	0.890334051424899
273	5800	25	168	41	0.0548329742875503
273	5799	25	192	183	0.890334051424899
273	1254	26	178	208	0.890334051424899
276	4418	3	230	242	0.0548329742875506
276	4419	3	276	232	0.890334051424899
276	4420	3	237	236	0.0548329742875505
276	4421	3	240	244	0.0548329742875505
276	4425	3	232	241	0.890334051424899
276	4424	3	269	239	0.0548329742875505
276	4422	3	243	237	0.0548329742875505
276	4423	3	235	234	0.0548329742875506
276	1255	26	76	177	0.0548329742875505
276	5801	25	181	22	0.890334051424899
276	5802	25	188	179	0.0548329742875503
276	1260	26	189	206	0.890334051424899
276	1259	26	169	186	0.890334051424899
276	1258	26	262	277	0.890334051424899
276	1257	26	175	16	0.0548329742875504
276	1256	26	205	211	0.890334051424899
276	5803	25	191	180	0.890334051424899
276	5805	25	186	190	0.890334051424899
276	5804	25	190	167	0.890334051424899
276	1261	26	22	170	0.0548329742875504
279	5806	25	171	18	0.0548329742875504
279	3348	14	18	226	0.890334051424899
279	5808	25	224	17	0.890334051424899
279	5807	25	173	188	0.0548329742875504
292	3351	14	184	21	0.890334051424899
295	3357	14	8	225	0.890334051424899
295	3353	14	263	25	0.890334051424899
295	3355	14	223	198	0.0548329742875504
295	3356	14	52	114	0.890334051424899
295	3350	14	113	213	0.0548329742875506
295	3354	14	9	212	0.890334051424899
295	7413	7	188	206	0.890334051424899
295	7411	7	192	190	0.890334051424899
295	5425	5	205	177	0.0548329742875504
298	6661	6	203	181	0.0548329742875506
298	4005	15	246	269	0.890334051424899
298	3873	21	268	143	0.890334051424899
298	4006	15	109	248	0.890334051424899
298	4008	15	305	229	0.890334051424899
298	4007	15	227	268	0.890334051424899
298	4009	15	25	312	0.890334051424899
298	4010	15	195	185	0.0548329742875505
298	7412	7	204	183	0.890334051424899
298	5423	5	175	170	0.890334051424899
298	5421	5	171	172	0.890334051424899
298	5420	5	39	179	0.890334051424899
298	3874	21	165	40	0.0548329742875503
298	6667	6	16	22	0.890334051424899
298	7414	7	185	184	0.890334051424899
298	6664	6	23	227	0.890334051424899
298	6665	6	207	23	0.0548329742875504
298	6666	6	17	182	0.890334051424899
298	7415	7	190	210	0.890334051424899
301	3352	14	54	19	0.890334051424899
301	7416	7	262	186	0.0548329742875504
301	3878	21	41	5	0.0548329742875504
301	5422	5	173	171	0.0548329742875503
301	5424	5	177	167	0.0548329742875505
301	6662	6	186	16	0.0548329742875504
301	6663	6	189	194	0.0548329742875506
313	7418	7	206	195	0.890334051424899
313	5430	5	174	41	0.890334051424899
313	3875	21	142	175	0.0548329742875504
315	6669	6	21	207	0.890334051424899
315	7419	7	183	266	0.890334051424899
315	3877	21	40	173	0.0548329742875504
315	7420	7	181	188	0.0548329742875503
315	5428	5	168	178	0.0548329742875505
315	5431	5	176	209	0.890334051424899
315	6671	6	178	24	0.890334051424899
315	5429	5	169	180	0.890334051424899
315	7421	7	187	193	0.890334051424899
315	7422	7	180	191	0.0548329742875505
315	6673	6	22	189	0.890334051424899
315	6672	6	179	192	0.0548329742875505
320	3876	21	247	169	0.890334051424899
320	5426	5	164	174	0.890334051424899
320	6670	6	224	211	0.890334051424899
320	5427	5	167	176	0.890334051424899
320	7423	7	202	208	0.890334051424899
320	6668	6	15	18	0.890334051424899
320	6674	6	191	17	0.890334051424899
66	5435	5	175	179	0.890334051424899
68	4013	15	264	311	0.890334051424899
68	6679	6	178	182	0.890334051424899
68	7425	7	183	184	0.890334051424899
68	4016	15	182	249	0.890334051424899
68	4014	15	245	230	0.890334051424899
68	7426	7	204	191	0.890334051424899
68	5437	5	205	167	0.890334051424899
68	5432	5	39	170	0.890334051424899
68	5434	5	173	172	0.0548329742875504
68	5433	5	171	171	0.890334051424899
68	6678	6	224	22	0.0548329742875506
68	6677	6	23	189	0.0548329742875504
68	6680	6	207	16	0.890334051424899
68	7427	7	190	195	0.890334051424899
68	7428	7	180	206	0.890334051424899
68	6675	6	203	194	0.0548329742875505
68	7429	7	206	190	0.0548329742875501
68	7430	7	185	13	0.890334051424899
68	6681	6	17	17	0.890334051424899
72	7431	7	262	37	0.0548329742875504
72	4015	15	265	111	0.0548329742875507
72	4012	15	226	26	0.0548329742875506
72	4011	15	306	199	0.890334051424899
72	5436	5	177	177	0.890334051424899
72	6676	6	189	23	0.890334051424899
7	3361	14	208	187	0.890334051424899
10	3365	14	112	9	0.890334051424899
10	3359	14	222	226	0.890334051424899
10	3364	14	18	10	0.890334051424899
10	3362	14	209	57	0.0548329742875504
10	1263	26	179	16	0.0548329742875505
10	1264	26	22	266	0.890334051424899
10	1262	26	202	79	0.890334051424899
10	3363	14	20	54	0.890334051424899
10	3881	21	166	144	0.890334051424899
10	5809	25	168	190	0.0548329742875505
10	1265	26	178	211	0.890334051424899
13	1266	26	272	170	0.0548329742875505
13	5810	25	190	194	0.890334051424899
13	5811	25	224	176	0.890334051424899
13	1270	26	183	207	0.890334051424899
13	1267	26	204	209	0.0548329742875502
13	1268	26	206	178	0.890334051424899
13	1269	26	169	24	0.890334051424899
13	3884	21	141	43	0.890334051424899
13	3879	21	4	42	0.0548329742875505
13	3883	21	38	272	0.890334051424899
13	5813	25	192	18	0.890334051424899
13	5812	25	164	180	0.890334051424899
13	5815	25	16	188	0.0548329742875502
13	5814	25	180	174	0.890334051424899
13	1271	26	189	177	0.890334051424899
16	5816	25	39	189	0.890334051424899
16	3358	14	24	115	0.890334051424899
16	3360	14	194	267	0.890334051424899
16	3880	21	170	250	0.890334051424899
16	3882	21	172	168	0.890334051424899
16	5818	25	21	179	0.0548329742875503
16	5817	25	181	191	0.890334051424899
16	4453	4	240	273	0.890334051424899
16	4450	4	230	246	0.890334051424899
16	4452	4	276	232	0.890334051424899
16	4451	4	239	238	0.0548329742875505
16	4457	4	238	236	0.890334051424899
16	4454	4	231	237	0.890334051424899
16	4456	4	236	235	0.0548329742875503
16	4455	4	237	244	0.890334051424899
25	3371	14	52	225	0.890334051424899
28	7417	7	12	37	0.0548329742875504
28	1275	26	23	186	0.0548329742875504
28	1274	26	203	172	0.0548329742875504
28	3369	14	9	21	0.890334051424899
28	3368	14	263	114	0.890334051424899
28	3370	14	223	25	0.890334051424899
28	3367	14	184	213	0.890334051424899
28	3373	14	8	57	0.890334051424899
28	3372	14	18	198	0.890334051424899
28	5819	25	173	17	0.0548329742875504
28	3886	21	41	175	0.0548329742875503
28	5820	25	185	227	0.890334051424899
28	1272	26	174	79	0.890334051424899
28	1273	26	202	192	0.0548329742875505
30	5822	25	188	22	0.890334051424899
30	5821	25	176	184	0.890334051424899
30	1281	26	205	181	0.890334051424899
30	1280	26	207	208	0.890334051424899
30	3885	21	141	40	0.890334051424899
30	3889	21	142	42	0.0548329742875506
30	3888	21	165	173	0.0548329742875505
30	3890	21	4	250	0.890334051424899
30	3887	21	268	169	0.890334051424899
30	1276	26	167	277	0.890334051424899
30	1279	26	15	210	0.0548329742875505
30	1277	26	262	23	0.0548329742875505
30	1278	26	175	182	0.890334051424899
30	5823	25	171	195	0.0548329742875504
30	5824	25	17	183	0.890334051424899
30	5825	25	187	41	0.890334051424899
30	5826	25	186	171	0.890334051424899
30	4463	4	232	281	0.0548329742875504
30	4465	4	238	243	0.0548329742875503
30	4464	4	237	238	0.890334051424899
30	4459	4	229	239	0.0548329742875505
30	4461	4	269	236	0.890334051424899
30	4460	4	239	244	0.0548329742875504
30	4462	4	231	233	0.0548329742875505
30	4458	4	243	237	0.0548329742875505
35	3366	14	113	212	0.0548329742875504
35	5828	25	191	167	0.890334051424899
35	5827	25	177	193	0.0548329742875502
46	3375	14	222	19	0.890334051424899
49	3374	14	24	10	0.890334051424899
49	3379	14	209	54	0.0548329742875505
49	3377	14	54	187	0.890334051424899
49	3378	14	263	226	0.0548329742875505
49	3380	14	20	9	0.0548329742875502
49	3376	14	194	212	0.890334051424899
49	7434	7	192	186	0.0548329742875505
49	7432	7	181	208	0.890334051424899
49	7433	7	190	183	0.890334051424899
51	7435	7	35	266	0.890334051424899
51	6683	6	186	192	0.890334051424899
51	4019	15	245	311	0.890334051424899
51	4018	15	265	230	0.0548329742875506
51	4021	15	226	199	0.890334051424899
51	4020	15	264	26	0.0548329742875505
51	4017	15	246	111	0.890334051424899
51	4022	15	306	185	0.0548329742875505
51	3893	21	40	168	0.890334051424899
51	7436	7	202	190	0.0548329742875505
51	3895	21	166	43	0.890334051424899
51	3896	21	38	5	0.890334051424899
51	8282	40	174	174	0.890334051424899
51	8281	40	169	179	0.0548329742875504
51	8280	40	167	41	0.0548329742875504
51	7437	7	12	188	0.890334051424899
51	6682	6	15	207	0.890334051424899
51	6686	6	22	227	0.890334051424899
51	6685	6	179	211	0.0548329742875504
51	7438	7	188	210	0.890334051424899
51	6684	6	21	18	0.890334051424899
54	6688	6	191	24	0.890334051424899
54	3381	14	112	115	0.890334051424899
54	3891	21	172	143	0.890334051424899
54	3892	21	247	144	0.890334051424899
54	3894	21	170	272	0.0548329742875503
54	6687	6	16	181	0.890334051424899
341	3200	18	249	251	0.890334051424899
341	3201	18	250	256	0.0548329742875505
341	8972	12	136	117	0.0548329742875502
341	3216	28	67	73	0.0548329742875504
341	3215	28	66	68	0.0548329742875505
369	7424	7	35	13	0.890334051424899
369	8973	12	137	150	0.890334051424899
369	8974	12	135	119	0.0548329742875501
369	3477	30	271	204	0.0548329742875504
369	3476	30	267	6	0.890334051424899
369	3217	28	68	72	0.890334051424899
396	3475	30	197	151	0.890334051424899
396	4026	15	305	269	0.890334051424899
396	4025	15	25	248	0.890334051424899
396	4027	15	227	249	0.0548329742875504
396	4024	15	195	268	0.890334051424899
396	3202	18	251	255	0.890334051424899
396	4023	15	306	229	0.890334051424899
396	4028	15	109	185	0.0548329742875503
396	8283	40	205	180	0.890334051424899
396	8284	40	175	176	0.0548329742875504
399	8285	40	164	171	0.890334051424899
406	3388	14	18	21	0.890334051424899
408	3386	14	9	114	0.890334051424899
408	3382	14	113	57	0.890334051424899
408	3384	14	222	267	0.890334051424899
408	3385	14	208	213	0.890334051424899
408	3389	14	8	226	0.890334051424899
408	3387	14	52	187	0.890334051424899
408	3203	18	250	252	0.0548329742875505
408	3899	21	41	173	0.0548329742875504
408	8286	40	205	179	0.0548329742875503
408	3480	30	197	275	0.890334051424899
408	3218	28	67	69	0.0548329742875505
410	1289	32	146	202	0.0548329742875502
410	3204	18	248	254	0.890334051424899
410	8287	40	174	176	0.890334051424899
410	1290	32	108	113	0.890334051424899
410	3898	21	141	169	0.0548329742875504
410	8975	12	137	137	0.0548329742875502
410	3897	21	38	175	0.0548329742875502
410	3900	21	268	42	0.890334051424899
410	3901	21	165	250	0.0548329742875505
410	3902	21	4	144	0.890334051424899
410	8976	12	147	117	0.0548329742875505
410	3478	30	267	204	0.890334051424899
410	3479	30	5	151	0.890334051424899
410	3219	28	70	72	0.0548329742875504
344	1291	32	150	265	0.890334051424899
344	3383	14	24	198	0.890334051424899
344	4033	15	264	312	0.0548329742875506
344	4034	15	182	229	0.890334051424899
344	4029	15	109	230	0.890334051424899
344	4032	15	245	199	0.890334051424899
344	4031	15	265	26	0.0548329742875505
344	4030	15	246	311	0.890334051424899
344	3205	18	253	255	0.0548329742875506
344	8977	12	117	138	0.890334051424899
344	3220	28	65	71	0.890334051424899
354	3393	14	263	54	0.890334051424899
357	8030	8	42	47	0.0548329742875504
357	8031	8	53	4	0.0548329742875505
357	3394	14	209	9	0.0548329742875503
357	3396	14	20	25	0.890334051424899
357	3390	14	194	10	0.890334051424899
357	3391	14	184	115	0.890334051424899
357	3392	14	54	225	0.0548329742875502
357	3397	14	112	19	0.890334051424899
357	7445	7	204	195	0.0548329742875504
357	7439	7	185	206	0.890334051424899
357	7440	7	187	13	0.890334051424899
357	5440	5	168	41	0.890334051424899
357	5439	5	167	180	0.0548329742875504
357	3905	21	142	168	0.890334051424899
359	8032	8	43	48	0.0548329742875503
359	8033	8	55	46	0.0548329742875502
359	8034	8	275	50	0.0548329742875504
359	1292	32	261	110	0.890334051424899
359	1293	32	146	113	0.890334051424899
359	6690	6	189	16	0.890334051424899
359	5442	5	174	178	0.890334051424899
359	4040	15	227	185	0.0548329742875504
359	7441	7	262	193	0.0548329742875502
359	3906	21	247	272	0.0548329742875505
359	3907	21	40	43	0.0548329742875504
359	3908	21	172	5	0.890334051424899
359	5443	5	176	174	0.890334051424899
359	3904	21	166	40	0.0548329742875504
359	5438	5	164	176	0.890334051424899
359	5441	5	169	209	0.890334051424899
359	8035	8	47	51	0.890334051424899
359	6694	6	207	189	0.0548329742875504
359	6693	6	178	22	0.0548329742875505
359	6692	6	224	182	0.0548329742875505
359	4037	15	195	269	0.890334051424899
359	7442	7	183	183	0.890334051424899
359	7443	7	206	37	0.890334051424899
359	7444	7	188	184	0.0548329742875504
359	6689	6	203	17	0.890334051424899
359	8036	8	274	30	0.0548329742875502
362	6691	6	23	23	0.0548329742875504
362	3395	14	223	212	0.890334051424899
362	4036	15	306	248	0.0548329742875505
362	1294	32	198	153	0.890334051424899
362	4039	15	305	111	0.0548329742875506
362	4035	15	226	268	0.890334051424899
362	4038	15	25	249	0.890334051424899
362	3903	21	170	143	0.0548329742875503
362	6695	6	17	194	0.0548329742875504
374	3400	14	222	198	0.890334051424899
377	8037	8	45	80	0.890334051424899
377	3206	18	253	252	0.0548329742875505
377	3405	14	8	187	0.890334051424899
377	3404	14	18	267	0.890334051424899
377	3403	14	20	226	0.890334051424899
377	3399	14	24	213	0.890334051424899
377	3402	14	9	57	0.890334051424899
377	3207	18	252	251	0.890334051424899
377	3401	14	208	114	0.890334051424899
377	7447	7	204	190	0.0548329742875504
377	7446	7	181	210	0.890334051424899
377	5445	5	168	179	0.890334051424899
377	7448	7	190	13	0.890334051424899
377	3208	18	251	253	0.890334051424899
380	3481	30	148	275	0.890334051424899
380	8038	8	275	58	0.0548329742875504
380	8039	8	46	46	0.890334051424899
380	8040	8	53	44	0.890334051424899
380	7449	7	183	206	0.890334051424899
380	8041	8	48	45	0.890334051424899
380	5448	5	177	178	0.0548329742875504
380	5446	5	169	170	0.890334051424899
380	8978	12	136	139	0.890334051424899
380	5444	5	39	176	0.890334051424899
380	3482	30	267	201	0.890334051424899
380	5447	5	174	167	0.890334051424899
380	8042	8	49	30	0.890334051424899
380	8979	12	115	119	0.890334051424899
380	6696	6	15	24	0.890334051424899
380	6701	6	16	211	0.890334051424899
380	6702	6	191	227	0.890334051424899
380	6699	6	179	207	0.0548329742875504
380	7451	7	192	266	0.890334051424899
380	7450	7	185	191	0.0548329742875504
380	6700	6	22	181	0.0548329742875505
380	8043	8	274	49	0.890334051424899
380	3222	28	68	70	0.890334051424899
380	3221	28	70	69	0.890334051424899
383	3483	30	200	6	0.890334051424899
383	6697	6	186	18	0.890334051424899
383	5449	5	205	174	0.890334051424899
383	7452	7	180	37	0.890334051424899
383	3398	14	113	54	0.890334051424899
383	8980	12	147	137	0.0548329742875503
383	6698	6	21	192	0.890334051424899
383	3223	28	69	68	0.0548329742875506
393	3410	14	223	19	0.0548329742875505
413	8044	8	44	55	0.890334051424899
413	8045	8	3	47	0.890334051424899
413	3412	14	8	115	0.0548329742875503
413	3411	14	52	10	0.890334051424899
413	3409	14	263	187	0.890334051424899
413	3413	14	112	213	0.890334051424899
413	3408	14	54	212	0.890334051424899
413	3406	14	24	225	0.890334051424899
413	7453	7	190	37	0.890334051424899
413	5451	5	167	171	0.890334051424899
413	3910	21	38	173	0.0548329742875505
413	3912	21	41	250	0.890334051424899
413	3911	21	141	42	0.890334051424899
441	3484	30	148	271	0.0548329742875505
441	8046	8	42	280	0.0548329742875505
441	8047	8	77	48	0.0548329742875504
441	8048	8	29	49	0.0548329742875504
441	6709	6	17	23	0.890334051424899
441	1296	32	111	265	0.0548329742875505
441	4045	15	245	229	0.890334051424899
441	4041	15	227	311	0.890334051424899
441	4042	15	109	26	0.0548329742875504
441	7454	7	206	208	0.890334051424899
441	5454	5	175	41	0.0548329742875502
441	3914	21	4	168	0.890334051424899
441	5455	5	176	177	0.890334051424899
441	5452	5	171	180	0.890334051424899
441	5450	5	164	172	0.0548329742875503
441	1295	32	108	202	0.0548329742875503
441	7455	7	183	188	0.890334051424899
441	3909	21	172	169	0.890334051424899
441	3913	21	268	144	0.890334051424899
441	8049	8	48	51	0.0548329742875504
441	7456	7	180	190	0.890334051424899
441	6705	6	224	16	0.890334051424899
441	6703	6	189	24	0.890334051424899
441	6707	6	207	207	0.890334051424899
441	7457	7	262	184	0.0548329742875504
441	7458	7	188	13	0.890334051424899
441	6704	6	21	189	0.0548329742875504
441	3486	30	5	275	0.890334051424899
441	8050	8	274	45	0.890334051424899
470	3485	30	200	201	0.0548329742875502
470	6708	6	179	17	0.0548329742875504
470	1297	32	150	149	0.890334051424899
470	3407	14	194	21	0.890334051424899
470	4044	15	265	312	0.890334051424899
470	4046	15	182	268	0.890334051424899
470	4043	15	246	199	0.890334051424899
470	5453	5	173	209	0.890334051424899
470	7459	7	202	195	0.0548329742875504
470	6706	6	178	194	0.0548329742875504
486	8051	8	44	47	0.890334051424899
486	8052	8	3	55	0.890334051424899
486	3209	18	249	254	0.890334051424899
486	3210	18	250	255	0.890334051424899
486	5456	5	164	179	0.890334051424899
486	3920	21	166	5	0.890334051424899
486	3919	21	142	43	0.890334051424899
486	3211	18	248	256	0.890334051424899
486	5459	5	175	174	0.890334051424899
486	3224	28	67	72	0.0548329742875505
488	3487	30	200	151	0.890334051424899
488	8053	8	46	44	0.890334051424899
488	8054	8	43	280	0.890334051424899
488	8055	8	55	80	0.890334051424899
488	1298	32	146	265	0.890334051424899
488	8056	8	29	279	0.890334051424899
488	3918	21	165	272	0.890334051424899
488	5460	5	177	176	0.0548329742875504
488	8981	12	137	117	0.0548329742875504
488	3916	21	40	40	0.890334051424899
488	5458	5	174	170	0.0548329742875503
488	5461	5	205	41	0.0548329742875501
488	8057	8	47	50	0.890334051424899
488	8982	12	117	150	0.890334051424899
488	3488	30	271	271	0.0548329742875506
488	3489	30	197	6	0.890334051424899
488	3225	28	65	73	0.890334051424899
488	3226	28	66	71	0.0548329742875506
416	1299	32	150	110	0.890334051424899
416	1300	32	198	113	0.890334051424899
416	5457	5	169	171	0.0548329742875502
416	4051	15	25	230	0.890334051424899
416	4050	15	195	111	0.890334051424899
416	4049	15	306	249	0.0548329742875505
416	4047	15	264	248	0.0548329742875506
416	4052	15	182	311	0.890334051424899
416	4048	15	226	269	0.890334051424899
416	3915	21	247	143	0.0548329742875504
416	8983	12	135	138	0.890334051424899
416	3917	21	170	175	0.890334051424899
425	3420	14	20	225	0.890334051424899
428	8058	8	42	46	0.0548329742875504
428	8059	8	53	58	0.890334051424899
428	8060	8	49	279	0.890334051424899
428	3212	18	253	254	0.0548329742875505
428	3418	14	9	226	0.890334051424899
428	3421	14	18	25	0.890334051424899
428	3414	14	113	267	0.890334051424899
428	3419	14	209	198	0.0548329742875505
428	3416	14	54	54	0.890334051424899
428	3213	18	252	252	0.0548329742875504
428	3417	14	208	9	0.890334051424899
428	3214	18	248	253	0.890334051424899
430	8061	8	275	80	0.0548329742875505
430	8062	8	45	48	0.0548329742875504
430	8984	12	147	138	0.0548329742875505
430	8063	8	29	4	0.890334051424899
430	8985	12	115	137	0.890334051424899
430	4053	15	25	311	0.890334051424899
430	6715	6	16	227	0.0548329742875505
430	6712	6	186	182	0.890334051424899
430	8986	12	117	139	0.0548329742875504
430	6710	6	203	23	0.890334051424899
430	6714	6	23	18	0.0548329742875505
430	6711	6	15	181	0.890334051424899
430	4705	37	287	289	0.890334051424899
430	4707	37	286	286	0.890334051424899
430	4709	37	282	285	0.0548329742875505
430	4708	37	285	284	0.0548329742875504
430	3227	28	65	70	0.890334051424899
430	4706	37	284	294	0.890334051424899
430	4710	37	281	295	0.890334051424899
433	6713	6	189	211	0.890334051424899
433	1302	32	111	153	0.0548329742875503
433	1301	32	261	202	0.0548329742875503
433	1303	32	108	149	0.0548329742875505
433	3415	14	184	114	0.0548329742875504
433	4057	15	265	268	0.890334051424899
433	4054	15	227	199	0.890334051424899
433	4056	15	246	229	0.890334051424899
433	4055	15	109	312	0.890334051424899
433	4058	15	182	248	0.890334051424899
433	8288	40	174	179	0.890334051424899
433	6716	6	191	22	0.890334051424899
433	3228	28	69	69	0.890334051424899
433	3229	28	70	71	0.890334051424899
445	3427	14	52	212	0.0548329742875504
448	8064	8	43	47	0.890334051424899
448	3425	14	263	21	0.890334051424899
448	3422	14	24	9	0.890334051424899
448	3426	14	223	115	0.890334051424899
448	3429	14	112	57	0.890334051424899
448	3428	14	18	213	0.890334051424899
448	3423	14	222	10	0.890334051424899
448	7462	7	185	193	0.890334051424899
448	7461	7	206	186	0.890334051424899
448	7460	7	188	183	0.890334051424899
448	5465	5	171	177	0.0548329742875505
451	8065	8	44	51	0.890334051424899
451	8066	8	55	48	0.890334051424899
451	8067	8	275	30	0.0548329742875505
451	8068	8	47	44	0.0548329742875503
451	6718	6	21	17	0.890334051424899
451	4062	15	306	230	0.0548329742875504
451	4059	15	245	269	0.890334051424899
451	4060	15	264	249	0.0548329742875504
451	4064	15	25	185	0.0548329742875502
451	4063	15	195	311	0.890334051424899
451	4061	15	226	111	0.890334051424899
451	3924	21	141	144	0.0548329742875505
451	5464	5	168	180	0.890334051424899
451	5467	5	176	172	0.890334051424899
451	5462	5	167	209	0.0548329742875504
451	7465	7	204	206	0.890334051424899
451	3921	21	166	173	0.0548329742875505
451	3925	21	4	272	0.0548329742875506
451	3922	21	172	42	0.890334051424899
451	3923	21	38	250	0.890334051424899
451	8069	8	48	4	0.890334051424899
451	6719	6	178	189	0.890334051424899
451	7466	7	192	13	0.890334051424899
451	5466	5	173	178	0.890334051424899
451	6720	6	207	227	0.0548329742875505
451	6721	6	179	24	0.890334051424899
451	6717	6	203	192	0.0548329742875504
451	7463	7	181	37	0.890334051424899
451	7464	7	187	266	0.890334051424899
451	223	34	93	101	0.0548329742875506
451	4715	37	280	290	0.0548329742875504
451	222	34	97	94	0.890334051424899
451	220	34	92	93	0.890334051424899
451	4716	37	288	289	0.0548329742875506
451	4713	37	279	291	0.0548329742875504
451	221	34	94	100	0.0548329742875506
451	4714	37	278	292	0.890334051424899
451	4711	37	281	293	0.0548329742875504
451	4712	37	289	288	0.890334051424899
454	8070	8	77	55	0.890334051424899
454	3424	14	194	187	0.0548329742875504
454	5463	5	39	167	0.890334051424899
454	3926	21	41	168	0.0548329742875505
454	6722	6	17	16	0.890334051424899
454	6723	6	22	194	0.0548329742875504
463	3436	14	8	54	0.890334051424899
467	8071	8	44	48	0.0548329742875502
467	8072	8	55	280	0.0548329742875504
467	3430	14	113	198	0.890334051424899
467	3437	14	112	225	0.890334051424899
467	3434	14	9	267	0.890334051424899
467	3432	14	54	25	0.890334051424899
467	3435	14	209	226	0.0548329742875505
467	3431	14	184	19	0.890334051424899
467	1284	26	175	210	0.890334051424899
472	8073	8	43	51	0.890334051424899
472	8074	8	77	4	0.0548329742875504
472	5830	25	185	190	0.0548329742875503
472	8075	8	48	49	0.0548329742875504
472	3927	21	165	143	0.0548329742875505
472	3928	21	142	40	0.890334051424899
472	3929	21	247	175	0.0548329742875506
472	3930	21	40	169	0.890334051424899
472	3931	21	268	43	0.890334051424899
472	5829	25	176	184	0.890334051424899
472	5831	25	190	195	0.890334051424899
472	1283	26	205	172	0.0548329742875504
472	8076	8	274	44	0.0548329742875503
472	225	34	91	98	0.890334051424899
472	4718	37	283	286	0.890334051424899
472	227	34	98	95	0.0548329742875505
472	4720	37	286	285	0.890334051424899
472	4721	37	285	295	0.890334051424899
472	4719	37	284	284	0.890334051424899
472	224	34	90	99	0.890334051424899
472	4717	37	287	294	0.890334051424899
472	4722	37	282	287	0.0548329742875504
472	226	34	99	97	0.890334051424899
475	1285	26	22	170	0.890334051424899
475	3433	14	208	21	0.890334051424899
475	3932	21	170	5	0.890334051424899
475	5832	25	17	194	0.0548329742875503
475	1282	26	189	177	0.890334051424899
549	3439	14	222	187	0.0548329742875503
552	8077	8	45	46	0.0548329742875504
552	8078	8	77	51	0.890334051424899
552	8079	8	29	50	0.0548329742875504
552	3438	14	24	212	0.890334051424899
552	3441	14	263	57	0.890334051424899
552	3440	14	194	9	0.890334051424899
552	3442	14	9	213	0.890334051424899
552	3443	14	223	114	0.0548329742875503
552	3445	14	18	54	0.890334051424899
552	7468	7	181	195	0.890334051424899
552	7471	7	187	191	0.890334051424899
552	5471	5	175	172	0.890334051424899
554	8080	8	46	55	0.890334051424899
554	8081	8	43	58	0.890334051424899
554	8082	8	3	280	0.890334051424899
554	6730	6	16	194	0.890334051424899
554	5468	5	164	170	0.890334051424899
554	4067	15	227	229	0.890334051424899
554	8083	8	47	279	0.0548329742875504
554	4068	15	109	268	0.0548329742875504
554	4065	15	25	199	0.890334051424899
554	5473	5	177	209	0.890334051424899
554	5472	5	176	176	0.890334051424899
554	4066	15	305	312	0.0548329742875504
554	7467	7	35	208	0.0548329742875503
554	5469	5	171	41	0.0548329742875505
554	6727	6	23	181	0.890334051424899
554	6724	6	15	182	0.890334051424899
554	6728	6	224	207	0.890334051424899
554	7473	7	262	210	0.0548329742875505
554	4070	15	182	269	0.890334051424899
554	7472	7	180	188	0.0548329742875504
554	6725	6	186	23	0.890334051424899
554	7470	7	190	186	0.0548329742875506
554	231	34	92	101	0.890334051424899
554	4723	37	282	293	0.0548329742875505
554	4725	37	289	292	0.890334051424899
554	4724	37	281	291	0.0548329742875505
554	3493	33	88	81	0.0548329742875504
554	4726	37	279	290	0.0548329742875505
554	230	34	97	100	0.890334051424899
554	229	34	93	97	0.0548329742875506
554	228	34	95	93	0.890334051424899
554	4727	37	278	289	0.0548329742875505
554	3491	33	85	92	0.0548329742875505
554	3494	33	79	85	0.0548329742875504
554	3490	33	87	87	0.890334051424899
554	3492	33	86	86	0.890334051424899
554	4728	37	280	294	0.0548329742875504
557	6729	6	207	22	0.0548329742875504
557	3444	14	20	115	0.890334051424899
557	7469	7	12	206	0.0548329742875505
557	4069	15	246	248	0.0548329742875503
557	5470	5	174	171	0.0548329742875504
557	6726	6	189	18	0.0548329742875504
495	3451	14	52	198	0.0548329742875505
497	8084	8	46	47	0.890334051424899
497	8085	8	3	51	0.0548329742875504
497	7477	7	12	208	0.0548329742875504
497	7480	7	183	190	0.0548329742875503
497	3453	14	112	25	0.890334051424899
497	3447	14	184	10	0.0548329742875503
497	3449	14	208	267	0.890334051424899
497	3450	14	209	21	0.0548329742875504
497	3448	14	54	226	0.890334051424899
497	3446	14	113	225	0.890334051424899
497	7476	7	185	195	0.0548329742875504
497	5478	5	173	174	0.0548329742875504
500	8086	8	42	45	0.890334051424899
500	8087	8	53	30	0.890334051424899
500	6731	6	15	189	0.0548329742875504
500	3937	21	141	272	0.0548329742875505
500	8088	8	48	279	0.0548329742875506
500	7478	7	190	184	0.0548329742875504
500	3936	21	38	168	0.890334051424899
500	3938	21	4	43	0.0548329742875504
500	4072	15	245	111	0.890334051424899
500	4073	15	264	230	0.890334051424899
500	4074	15	226	311	0.890334051424899
500	5476	5	168	167	0.890334051424899
500	5477	5	169	177	0.0548329742875503
500	4075	15	306	26	0.0548329742875504
500	7475	7	206	191	0.890334051424899
500	4076	15	182	199	0.890334051424899
500	3934	21	166	250	0.890334051424899
500	4071	15	265	249	0.0548329742875504
500	5479	5	205	178	0.890334051424899
500	8089	8	47	80	0.890334051424899
500	6736	6	22	211	0.890334051424899
500	6734	6	178	207	0.890334051424899
500	6733	6	21	182	0.890334051424899
500	7479	7	180	266	0.890334051424899
500	5474	5	167	179	0.890334051424899
500	7474	7	35	206	0.890334051424899
500	6732	6	23	17	0.890334051424899
500	234	34	92	96	0.890334051424899
500	233	34	98	98	0.0548329742875506
500	235	34	99	99	0.890334051424899
500	3495	33	78	82	0.0548329742875505
500	3496	33	89	90	0.890334051424899
500	4734	37	285	288	0.0548329742875504
500	3498	33	84	91	0.0548329742875506
500	4729	37	287	286	0.0548329742875504
500	4733	37	286	287	0.0548329742875504
500	3497	33	80	89	0.0548329742875506
500	3499	33	83	88	0.890334051424899
500	232	34	90	94	0.0548329742875503
500	4730	37	288	284	0.0548329742875504
500	4731	37	283	285	0.890334051424899
500	4732	37	284	295	0.0548329742875503
503	6735	6	17	227	0.890334051424899
503	3452	14	8	19	0.890334051424899
503	5475	5	39	180	0.0548329742875503
503	3935	21	172	144	0.890334051424899
503	3933	21	170	42	0.890334051424899
503	6737	6	191	192	0.890334051424899
515	8090	8	42	30	0.0548329742875504
515	8092	8	275	46	0.0548329742875505
515	8091	8	48	80	0.0548329742875504
515	3941	21	165	175	0.0548329742875505
515	3939	21	41	143	0.890334051424899
515	3504	33	88	82	0.890334051424899
519	8093	8	45	45	0.890334051424899
519	8094	8	55	4	0.890334051424899
519	8095	8	49	55	0.0548329742875503
519	3942	21	142	169	0.890334051424899
519	3944	21	40	5	0.0548329742875504
519	3940	21	268	40	0.890334051424899
519	5833	25	176	190	0.890334051424899
519	1287	26	22	178	0.890334051424899
519	1286	26	189	172	0.890334051424899
519	3502	33	87	81	0.890334051424899
519	3501	33	80	87	0.890334051424899
519	3500	33	89	85	0.0548329742875505
519	3503	33	86	88	0.890334051424899
522	3943	21	247	173	0.890334051424899
522	5834	25	190	194	0.890334051424899
532	3461	14	18	212	0.0548329742875503
532	3506	33	85	81	0.890334051424899
534	4100	35	257	259	0.890334051424899
534	8096	8	46	30	0.890334051424899
534	4101	35	255	260	0.890334051424899
534	8097	8	275	47	0.0548329742875505
534	3457	14	263	9	0.890334051424899
534	3460	14	20	57	0.890334051424899
534	3454	14	24	187	0.0548329742875502
534	3456	14	194	114	0.890334051424899
534	3455	14	222	213	0.890334051424899
534	3459	14	223	54	0.890334051424899
534	5482	5	173	177	0.0548329742875505
534	5483	5	175	167	0.890334051424899
536	8098	8	44	44	0.8903340514249
536	8099	8	55	50	0.0548329742875505
536	6742	6	207	18	0.890334051424899
536	5480	5	39	172	0.890334051424899
536	8100	8	49	49	0.890334051424899
536	3945	21	40	250	0.0548329742875505
536	4080	15	227	248	0.0548329742875502
536	4082	15	246	185	0.0548329742875503
536	4081	15	109	269	0.890334051424899
536	4079	15	305	268	0.0548329742875505
536	5481	5	171	170	0.0548329742875504
536	4077	15	195	312	0.890334051424899
536	7483	7	202	183	0.890334051424899
536	4078	15	25	229	0.890334051424899
536	3949	21	38	43	0.890334051424899
536	3946	21	170	144	0.890334051424899
536	3947	21	166	168	0.0548329742875505
536	3950	21	141	5	0.0548329742875505
536	6739	6	186	194	0.0548329742875502
536	5484	5	177	179	0.0548329742875504
536	7482	7	35	13	0.890334051424899
536	7487	7	262	186	0.0548329742875505
536	7486	7	192	193	0.890334051424899
536	7481	7	188	208	0.0548329742875504
536	6740	6	224	24	0.890334051424899
536	6738	6	203	22	0.890334051424899
536	7485	7	187	210	0.890334051424899
536	7484	7	181	188	0.890334051424899
536	6743	6	179	23	0.0548329742875503
536	8101	8	274	55	0.890334051424899
536	239	34	93	99	0.890334051424899
536	4736	37	282	292	0.890334051424899
536	4739	37	279	294	0.890334051424899
536	4738	37	289	289	0.890334051424899
536	238	34	95	101	0.890334051424899
536	4735	37	285	293	0.0548329742875505
536	3948	21	172	272	0.890334051424899
536	4737	37	281	290	0.890334051424899
536	237	34	91	100	0.0548329742875505
536	3508	33	79	83	0.890334051424899
536	4740	37	278	286	0.0548329742875505
536	3505	33	82	90	0.890334051424899
536	3507	33	88	92	0.0548329742875504
536	3509	33	83	87	0.890334051424899
536	236	34	94	95	0.0548329742875506
539	6744	6	16	16	0.890334051424899
539	3458	14	9	115	0.890334051424899
539	5485	5	205	171	0.890334051424899
539	6741	6	178	192	0.0548329742875502
547	4102	35	257	260	0.890334051424899
547	4103	35	255	259	0.890334051424899
615	8102	8	46	50	0.0548329742875505
615	8103	8	77	280	0.890334051424899
615	5489	5	169	174	0.890334051424899
615	5487	5	167	178	0.0548329742875506
621	8104	8	44	4	0.890334051424899
621	4104	35	256	259	0.0548329742875505
621	8105	8	45	44	0.0548329742875506
621	4105	35	257	258	0.0548329742875502
621	8106	8	53	45	0.890334051424899
621	6751	6	191	211	0.890334051424899
621	8107	8	47	58	0.890334051424899
621	5491	5	176	41	0.890334051424899
621	7488	7	187	186	0.890334051424899
621	5490	5	174	209	0.890334051424899
621	5488	5	168	176	0.890334051424899
621	6745	6	186	227	0.0548329742875504
621	6746	6	189	182	0.890334051424899
621	6747	6	23	207	0.0548329742875506
621	7489	7	192	210	0.890334051424899
621	6750	6	22	17	0.890334051424899
621	8108	8	274	51	0.8903340514249
621	241	34	99	94	0.0548329742875504
621	4741	37	287	284	0.890334051424899
621	4745	37	284	288	0.0548329742875505
621	4742	37	280	285	0.0548329742875504
621	4744	37	283	287	0.890334051424899
621	4746	37	286	291	0.0548329742875504
621	4743	37	288	295	0.0548329742875504
621	3514	33	85	85	0.890334051424899
621	242	34	97	97	0.890334051424899
621	243	34	95	96	0.890334051424899
621	240	34	98	93	0.890334051424899
621	3513	33	84	92	0.0548329742875504
621	4083	15	246	185	0.0548329742875504
621	3511	33	80	91	0.890334051424899
621	3510	33	78	86	0.890334051424899
621	3512	33	87	89	0.890334051424899
624	6748	6	21	16	0.890334051424899
624	5486	5	164	180	0.890334051424899
624	6749	6	17	181	0.0548329742875504
624	3467	14	52	25	0.890334051424899
624	3466	14	209	267	0.890334051424899
624	3463	14	184	226	0.890334051424899
624	3468	14	8	10	0.890334051424899
624	4084	15	245	26	0.0548329742875504
624	3469	14	112	21	0.890334051424899
624	3462	14	113	19	0.0548329742875503
624	3464	14	54	198	0.890334051424899
624	3465	14	208	225	0.890334051424899
567	8109	8	43	46	0.0548329742875504
567	8110	8	3	80	0.890334051424899
567	8111	8	47	48	0.0548329742875504
567	1288	26	189	23	0.890334051424899
569	8112	8	45	279	0.890334051424899
569	8113	8	42	50	0.890334051424899
569	8114	8	29	58	0.890334051424899
569	5835	25	190	179	0.0548329742875503
569	4751	37	289	286	0.0548329742875505
569	3470	14	222	54	0.890334051424899
569	4750	37	281	294	0.890334051424899
569	247	34	92	99	0.890334051424899
569	244	34	90	101	0.0548329742875506
569	4749	37	282	289	0.890334051424899
569	4748	37	285	290	0.0548329742875504
569	246	34	93	94	0.890334051424899
569	3518	33	79	88	0.890334051424899
569	4747	37	286	293	0.0548329742875505
569	3516	33	82	91	0.0548329742875502
569	3517	33	86	87	0.0548329742875505
569	245	34	94	98	0.0548329742875505
569	3519	33	83	83	0.0548329742875505
569	4085	15	182	249	0.890334051424899
569	4752	37	279	284	0.890334051424899
569	3515	33	89	81	0.0548329742875503
572	8115	8	53	280	0.890334051424899
572	4086	15	25	248	0.890334051424899
572	3471	14	112	21	0.890334051424899
581	8116	8	44	279	0.0548329742875503
581	8117	8	3	49	0.0548329742875506
581	7490	7	181	195	0.890334051424899
584	8118	8	43	44	0.890334051424899
584	8119	8	77	58	0.0548329742875505
584	6752	6	203	189	0.0548329742875503
584	6757	6	179	18	0.0548329742875505
584	6756	6	207	24	0.890334051424899
584	8120	8	29	47	0.890334051424899
584	7491	7	190	190	0.890334051424899
584	5494	5	173	170	0.0548329742875504
584	5492	5	39	177	0.890334051424899
584	5495	5	175	171	0.890334051424899
584	5493	5	171	167	0.0548329742875504
584	5496	5	177	172	0.890334051424899
584	5497	5	205	179	0.890334051424899
584	8121	8	49	48	0.0548329742875504
584	4087	15	182	26	0.890334051424899
584	3472	14	18	225	0.0548329742875504
584	7492	7	204	183	0.890334051424899
584	6754	6	21	23	0.890334051424899
584	3520	33	80	92	0.0548329742875505
584	3524	33	79	89	0.890334051424899
584	3523	33	88	86	0.890334051424899
584	3521	33	84	85	0.0548329742875506
584	3522	33	85	90	0.890334051424899
584	251	34	95	95	0.890334051424899
584	250	34	99	100	0.0548329742875505
584	248	34	90	96	0.890334051424899
584	249	34	91	97	0.890334051424899
587	6755	6	224	181	0.890334051424899
587	3473	14	208	114	0.890334051424899
587	6753	6	15	194	0.0548329742875504
587	6758	6	16	192	0.890334051424899
601	8122	8	42	80	0.890334051424899
601	8123	8	53	49	0.890334051424899
604	8124	8	275	4	0.0548329742875507
604	8125	8	46	45	0.890334051424899
604	8126	8	55	279	0.0548329742875505
604	5498	5	176	171	0.890334051424899
604	8127	8	49	47	0.890334051424899
604	6764	6	22	16	0.890334051424899
604	6761	6	189	227	0.0548329742875504
604	6759	6	203	18	0.0548329742875505
604	6765	6	191	182	0.890334051424899
604	6760	6	186	17	0.0548329742875504
604	6763	6	178	211	0.890334051424899
604	6762	6	23	22	0.0548329742875505
604	8128	8	48	30	0.890334051424899
604	5499	5	39	177	0.890334051424899
604	7493	7	181	193	0.0548329742875503
604	3526	33	80	85	0.0548329742875505
604	255	34	97	98	0.0548329742875506
604	3528	33	84	81	0.0548329742875504
604	4755	37	280	287	0.0548329742875503
604	4754	37	278	295	0.0548329742875505
604	4753	37	287	285	0.890334051424899
604	4757	37	283	291	0.890334051424899
604	3525	33	89	86	0.890334051424899
604	254	34	93	100	0.0548329742875505
604	3529	33	88	89	0.890334051424899
604	3527	33	87	82	0.0548329742875504
604	4756	37	288	288	0.0548329742875504
604	252	34	94	93	0.0548329742875505
604	253	34	92	94	0.890334051424899
604	4758	37	284	292	0.0548329742875505
607	3474	14	208	225	0.0548329742875503
619	8129	8	43	49	0.0548329742875505
619	8130	8	3	58	0.0548329742875505
619	6767	6	17	23	0.0548329742875505
634	8131	8	275	55	0.0548329742875506
634	8132	8	42	48	0.890334051424899
634	8133	8	77	279	0.0548329742875505
634	8134	8	48	46	0.0548329742875504
634	5500	5	39	179	0.0548329742875502
634	6766	6	21	227	0.890334051424899
634	8135	8	29	51	0.890334051424899
634	259	34	99	96	0.890334051424899
634	4764	37	289	285	0.890334051424899
634	4761	37	285	294	0.890334051424899
634	4763	37	281	284	0.890334051424899
634	4762	37	282	286	0.890334051424899
634	4760	37	286	289	0.0548329742875505
634	4759	37	284	293	0.0548329742875505
634	3530	33	78	83	0.0548329742875506
634	3534	33	83	90	0.0548329742875504
634	3533	33	85	87	0.890334051424899
634	3532	33	82	89	0.890334051424899
634	3531	33	89	82	0.0548329742875504
634	256	34	90	95	0.0548329742875506
634	257	34	91	99	0.890334051424899
634	258	34	98	97	0.890334051424899
694	1308	17	255	256	0.890334051424899
694	1307	17	259	253	0.890334051424899
694	1310	17	257	112	0.890334051424899
694	1309	17	254	255	0.0548329742875504
694	1311	17	251	259	0.890334051424899
694	214	19	267	203	0.890334051424899
694	1312	17	248	252	0.0548329742875504
694	215	19	197	265	0.890334051424899
702	8136	8	45	49	0.0548329742875505
702	8137	8	77	45	0.890334051424899
704	8138	8	46	4	0.890334051424899
704	8139	8	55	55	0.0548329742875505
704	8140	8	29	46	0.0548329742875504
704	1314	17	255	252	0.890334051424899
704	1313	17	259	112	0.890334051424899
704	8141	8	49	280	0.890334051424899
704	1316	17	254	259	0.890334051424899
704	1315	17	251	255	0.890334051424899
704	1318	17	248	256	0.890334051424899
704	1317	17	257	253	0.890334051424899
704	6768	6	191	23	0.890334051424899
704	8142	8	274	50	0.890334051424899
704	877	2	271	149	0.0548329742875505
704	876	2	5	153	0.0548329742875505
704	4766	37	279	287	0.0548329742875505
704	4769	37	288	292	0.890334051424899
704	4767	37	278	288	0.0548329742875506
704	3535	33	87	83	0.890334051424899
704	4768	37	280	291	0.0548329742875504
704	3539	33	79	86	0.890334051424899
704	4765	37	287	295	0.0548329742875503
704	260	34	97	93	0.890334051424899
704	4770	37	283	290	0.890334051424899
704	3536	33	82	81	0.890334051424899
704	3538	33	86	92	0.0548329742875505
704	3537	33	85	91	0.0548329742875505
704	262	34	95	94	0.890334051424899
704	263	34	92	100	0.890334051424899
704	261	34	94	101	0.890334051424899
708	6769	6	189	22	0.890334051424899
708	216	19	267	265	0.0548329742875505
708	217	19	197	203	0.0548329742875505
642	1320	17	253	252	0.0548329742875503
642	1319	17	110	253	0.890334051424899
642	1321	17	251	257	0.0548329742875502
642	1322	17	252	259	0.890334051424899
642	1324	17	248	258	0.890334051424899
642	1323	17	259	261	0.890334051424899
648	8143	8	45	58	0.890334051424899
648	8144	8	3	44	0.0548329742875505
648	8145	8	274	280	0.890334051424899
652	8146	8	44	45	0.890334051424899
652	8147	8	53	80	0.890334051424899
652	884	2	111	154	0.0548329742875504
652	8148	8	49	50	0.0548329742875506
652	8149	8	47	30	0.890334051424899
652	218	19	199	265	0.0548329742875506
652	6770	6	191	192	0.890334051424899
652	878	2	271	153	0.0548329742875505
652	219	19	197	271	0.890334051424899
652	879	2	5	149	0.0548329742875504
652	3542	33	84	82	0.0548329742875506
652	3543	33	88	90	0.0548329742875504
652	3541	33	80	88	0.890334051424899
652	3544	33	83	85	0.890334051424899
652	4772	37	288	290	0.890334051424899
652	266	34	98	99	0.0548329742875504
652	3540	33	78	89	0.890334051424899
652	267	34	99	95	0.0548329742875504
652	264	34	90	98	0.890334051424899
652	265	34	94	96	0.890334051424899
659	1326	17	250	256	0.0548329742875504
659	1325	17	257	255	0.0548329742875503
659	1328	17	110	259	0.890334051424899
659	1327	17	254	258	0.0548329742875504
659	1330	17	249	251	0.0548329742875503
659	1329	17	259	254	0.0548329742875503
669	4771	37	283	293	0.0548329742875504
669	4773	37	280	292	0.890334051424899
669	4776	37	289	287	0.0548329742875505
669	4774	37	278	291	0.890334051424899
669	4775	37	279	288	0.0548329742875505
671	8150	8	46	47	0.890334051424899
671	8152	8	274	44	0.890334051424899
672	8151	8	44	49	0.890334051424899
672	8153	8	53	50	0.890334051424899
672	1332	17	250	259	0.0548329742875506
672	1331	17	248	255	0.890334051424899
672	1333	17	254	263	0.0548329742875506
672	1335	17	249	261	0.0548329742875503
672	1334	17	253	112	0.890334051424899
672	1336	17	255	254	0.0548329742875503
672	880	2	197	153	0.0548329742875506
672	269	34	95	100	0.0548329742875503
672	3547	33	84	89	0.0548329742875505
672	271	34	97	101	0.890334051424899
672	3546	33	87	85	0.890334051424899
672	3545	33	89	91	0.0548329742875504
672	3549	33	79	81	0.890334051424899
672	4473	4	242	237	0.890334051424899
672	4471	4	233	233	0.890334051424899
672	3548	33	85	86	0.890334051424899
672	4472	4	239	240	0.0548329742875505
672	4470	4	238	132	0.890334051424899
672	4474	4	232	274	0.890334051424899
672	4469	4	235	135	0.890334051424899
672	4467	4	129	234	0.0548329742875506
672	4466	4	241	133	0.890334051424899
672	4468	4	269	246	0.890334051424899
672	270	34	93	95	0.0548329742875505
672	268	34	91	93	0.0548329742875504
675	4476	4	132	232	0.0548329742875506
675	4475	4	240	136	0.0548329742875505
675	4477	4	236	281	0.0548329742875504
681	4825	34	91	93	0.0548329742875504
684	4478	4	235	240	0.890334051424899
684	8155	8	274	55	0.890334051424899
686	8154	8	46	46	0.890334051424899
686	4780	37	286	284	0.0548329742875505
686	4483	4	241	281	0.0548329742875505
686	4485	4	131	245	0.0548329742875504
686	4479	4	269	132	0.890334051424899
686	4781	37	284	286	0.890334051424899
686	273	34	92	97	0.890334051424899
686	4484	4	232	242	0.890334051424899
686	274	34	99	98	0.0548329742875504
686	3552	33	82	87	0.890334051424899
686	3551	33	89	88	0.890334051424899
686	4779	37	285	285	0.0548329742875506
686	4778	37	282	295	0.890334051424899
686	4782	37	283	294	0.890334051424899
686	3550	33	78	90	0.890334051424899
686	4482	4	240	232	0.0548329742875505
686	4777	37	287	287	0.890334051424899
686	3553	33	86	83	0.0548329742875505
686	4480	4	132	236	0.0548329742875505
686	4481	4	243	131	0.890334051424899
686	4486	4	234	239	0.0548329742875504
686	3554	33	79	91	0.890334051424899
686	272	34	98	94	0.0548329742875504
686	275	34	97	96	0.890334051424899
691	4487	4	270	135	0.890334051424899
691	4489	4	230	136	0.890334051424899
691	4488	4	231	241	0.0548329742875504
744	4491	4	242	244	0.0548329742875504
744	4490	4	237	235	0.0548329742875505
746	8156	8	46	279	0.890334051424899
746	277	34	94	99	0.0548329742875505
746	276	34	90	100	0.890334051424899
746	4787	37	289	291	0.0548329742875505
746	4788	37	281	288	0.890334051424899
746	4784	37	280	289	0.890334051424899
746	3559	33	88	87	0.890334051424899
746	3558	33	85	89	0.0548329742875505
746	3557	33	82	82	0.890334051424899
746	3555	33	80	86	0.890334051424899
746	4785	37	278	290	0.0548329742875505
746	4499	4	229	233	0.890334051424899
746	4498	4	238	131	0.890334051424899
746	4496	4	269	234	0.890334051424899
746	4500	4	134	236	0.0548329742875503
746	4497	4	130	246	0.0548329742875505
746	4492	4	236	133	0.890334051424899
746	4493	4	132	243	0.890334051424899
746	4494	4	276	237	0.890334051424899
746	4501	4	133	242	0.0548329742875504
746	4495	4	235	274	0.0548329742875506
746	3556	33	87	92	0.0548329742875504
746	278	34	91	101	0.890334051424899
746	279	34	93	98	0.0548329742875505
746	4783	37	288	293	0.0548329742875505
746	4786	37	279	292	0.890334051424899
712	8483	10	28	14	0.0548329742875503
712	4502	4	243	241	0.0548329742875505
714	8484	10	11	3	0.890334051424899
714	8485	10	27	31	0.890334051424899
714	281	34	91	96	0.890334051424899
714	282	34	95	97	0.890334051424899
714	3563	33	86	90	0.0548329742875506
714	280	34	99	93	0.890334051424899
714	4790	37	285	287	0.890334051424899
714	3561	33	89	83	0.890334051424899
714	3562	33	84	88	0.0548329742875505
714	3564	33	83	82	0.0548329742875506
714	4794	37	288	286	0.0548329742875507
714	4792	37	284	285	0.890334051424899
714	4793	37	283	284	0.890334051424899
714	4789	37	287	288	0.890334051424899
714	283	34	97	95	0.890334051424899
714	4509	4	239	238	0.0548329742875505
714	4503	4	134	134	0.0548329742875504
714	4507	4	241	239	0.0548329742875504
714	4508	4	240	233	0.0548329742875505
714	4506	4	129	273	0.0548329742875505
714	4513	4	234	133	0.890334051424899
714	4512	4	133	235	0.0548329742875507
714	4510	4	231	132	0.890334051424899
714	4504	4	276	245	0.890334051424899
714	4791	37	286	295	0.0548329742875504
714	3560	33	78	91	0.0548329742875503
714	4505	4	229	236	0.0548329742875504
714	4511	4	270	240	0.890334051424899
723	4515	4	242	239	0.0548329742875505
723	4514	4	238	273	0.890334051424899
723	4516	4	232	238	0.890334051424899
723	8486	10	13	3	0.890334051424899
723	8487	10	30	11	0.0548329742875506
726	864	1	220	152	0.890334051424899
726	8488	10	28	28	0.890334051424899
726	161	16	144	52	0.890334051424899
726	162	16	139	142	0.0548329742875504
726	287	34	92	98	0.0548329742875503
726	3565	33	78	88	0.890334051424899
726	286	34	98	101	0.0548329742875505
726	3569	33	83	92	0.0548329742875505
726	3568	33	79	90	0.890334051424899
726	3566	33	82	83	0.0548329742875504
726	3567	33	86	91	0.0548329742875505
726	4518	4	233	243	0.890334051424899
726	4519	4	130	131	0.0548329742875504
726	4524	4	234	244	0.0548329742875504
726	4523	4	131	281	0.0548329742875506
726	4521	4	239	274	0.0548329742875505
726	4517	4	237	135	0.890334051424899
726	4525	4	230	134	0.890334051424899
726	4522	4	231	246	0.890334051424899
726	4520	4	134	232	0.0548329742875504
726	284	34	93	93	0.0548329742875504
726	285	34	94	94	0.0548329742875504
734	8489	10	2	31	0.0548329742875506
735	869	20	145	140	0.890334051424899
735	867	20	201	152	0.890334051424899
735	164	16	140	147	0.0548329742875505
735	163	16	50	141	0.890334051424899
735	8490	10	10	14	0.890334051424899
735	8491	10	27	12	0.0548329742875504
735	4795	37	280	293	0.890334051424899
735	3570	33	89	89	0.890334051424899
735	289	34	91	95	0.0548329742875505
735	290	34	98	96	0.890334051424899
735	288	34	90	97	0.0548329742875505
735	4798	37	289	290	0.890334051424899
735	3574	33	79	87	0.890334051424899
735	4800	37	282	291	0.0548329742875503
735	4797	37	279	289	0.890334051424899
735	4799	37	281	292	0.0548329742875506
735	3573	33	88	85	0.890334051424899
735	3572	33	87	86	0.0548329742875504
735	3571	33	80	81	0.0548329742875504
735	4796	37	278	294	0.0548329742875506
735	291	34	95	99	0.890334051424899
737	868	20	200	151	0.890334051424899
783	8492	10	10	12	0.0548329742875504
823	871	20	200	148	0.890334051424899
823	872	20	149	151	0.890334051424899
823	870	20	201	140	0.890334051424899
823	8493	10	2	29	0.890334051424899
823	8494	10	30	14	0.0548329742875505
823	4803	37	284	287	0.890334051424899
823	3579	33	83	91	0.0548329742875505
823	3578	33	86	82	0.890334051424899
823	3575	33	78	92	0.890334051424899
823	4806	37	280	284	0.0548329742875505
823	4804	37	283	295	0.890334051424899
823	4801	37	287	291	0.0548329742875503
823	3577	33	84	83	0.0548329742875505
823	3576	33	82	88	0.0548329742875504
823	4805	37	288	285	0.0548329742875505
823	4802	37	286	288	0.0548329742875505
838	4526	4	238	235	0.0548329742875504
838	292	34	92	98	0.890334051424899
838	4527	4	233	281	0.890334051424899
838	293	34	97	94	0.890334051424899
847	8886	11	214	222	0.0548329742875505
850	873	20	138	151	0.890334051424899
850	8495	10	27	3	0.890334051424899
850	8887	11	215	223	0.0548329742875504
753	874	20	200	205	0.0548329742875503
753	875	20	149	148	0.890334051424899
753	8496	10	28	11	0.890334051424899
753	8497	10	11	31	0.0548329742875504
753	8889	11	31	221	0.0548329742875505
753	8890	11	212	217	0.890334051424899
753	767	2	135	150	0.890334051424899
753	3581	33	88	90	0.890334051424899
753	3582	33	79	85	0.890334051424899
753	166	16	139	147	0.0548329742875506
753	4528	4	232	236	0.890334051424899
753	8888	11	33	215	0.890334051424899
753	165	16	50	142	0.890334051424899
753	4809	37	289	294	0.890334051424899
753	4808	37	279	286	0.0548329742875505
753	4810	37	281	289	0.890334051424899
753	4812	37	285	292	0.890334051424899
753	4807	37	278	293	0.0548329742875505
753	4811	37	282	290	0.890334051424899
755	294	34	95	99	0.0548329742875503
755	8891	11	216	214	0.890334051424899
755	8892	11	221	33	0.0548329742875505
755	3580	33	89	81	0.890334051424899
755	768	2	117	117	0.890334051424899
759	6	1	261	197	0.890334051424899
767	8893	11	218	219	0.0548329742875506
771	8498	10	13	28	0.890334051424899
771	8895	11	32	215	0.0548329742875504
771	8894	11	219	32	0.0548329742875507
775	8499	10	2	11	0.0548329742875505
775	3583	33	89	82	0.0548329742875504
775	167	2	140	52	0.890334051424899
775	3584	33	88	85	0.890334051424899
775	8897	11	210	218	0.890334051424899
775	8896	11	221	221	0.0548329742875506
775	771	2	115	119	0.890334051424899
775	769	2	136	139	0.890334051424899
775	168	2	144	141	0.890334051424899
775	770	2	147	265	0.890334051424899
779	8500	10	11	29	0.0548329742875504
779	295	34	92	99	0.0548329742875502
779	8898	11	213	34	0.0548329742875504
779	8899	11	216	216	0.890334051424899
793	8900	11	32	214	0.890334051424899
793	3592	14	179	198	0.890334051424899
797	3587	14	23	10	0.0548329742875504
797	3586	14	263	114	0.890334051424899
797	3590	14	52	115	0.0548329742875503
797	3589	14	20	9	0.0548329742875503
797	8901	11	211	217	0.890334051424899
797	3591	14	18	146	0.890334051424899
797	3588	14	223	145	0.890334051424899
801	4089	24	156	157	0.0548329742875505
801	4090	24	159	160	0.0548329742875503
801	1	1	138	36	0.890334051424899
801	2	1	197	56	0.890334051424899
801	4088	24	152	156	0.890334051424899
801	8902	11	215	220	0.890334051424899
801	8904	11	31	216	0.0548329742875507
801	773	2	137	138	0.890334051424899
801	772	2	117	137	0.890334051424899
801	6771	6	203	17	0.0548329742875504
801	6772	6	15	194	0.890334051424899
801	6775	6	21	181	0.890334051424899
801	6773	6	186	227	0.890334051424899
801	6777	6	17	225	0.0548329742875505
801	8503	10	30	29	0.0548329742875505
801	6776	6	207	212	0.890334051424899
801	8501	10	13	12	0.0548329742875504
801	4093	24	163	158	0.890334051424899
801	4092	24	161	165	0.890334051424899
801	4091	24	160	161	0.0548329742875503
801	865	1	148	193	0.0548329742875505
801	8502	10	10	28	0.890334051424899
801	8903	11	33	224	0.890334051424899
801	4818	37	278	285	0.890334051424899
801	4816	37	288	287	0.0548329742875504
801	4815	37	283	288	0.0548329742875505
801	4814	37	284	291	0.0548329742875504
801	4813	37	287	292	0.890334051424899
801	4817	37	280	295	0.0548329742875504
805	6774	6	189	23	0.890334051424899
805	3585	14	24	187	0.890334051424899
805	8905	11	217	222	0.890334051424899
805	8906	11	214	223	0.0548329742875505
814	881	1	198	13	0.890334051424899
814	885	1	261	143	0.0548329742875502
821	3595	14	263	24	0.0548329742875502
821	8907	11	211	32	0.890334051424899
828	774	2	136	150	0.890334051424899
828	3597	14	223	115	0.0548329742875504
828	883	2	197	6	0.890334051424899
828	3594	14	184	114	0.890334051424899
828	8908	11	210	224	0.890334051424899
828	3598	14	18	54	0.890334051424899
828	4096	24	155	155	0.890334051424899
828	3599	14	143	25	0.0548329742875505
828	4097	24	157	164	0.890334051424899
828	3596	14	9	21	0.890334051424899
828	3593	14	194	146	0.890334051424899
833	4823	37	285	289	0.0548329742875504
833	4821	37	281	286	0.0548329742875505
833	8910	11	218	33	0.0548329742875506
833	4095	24	154	166	0.0548329742875504
833	3603	27	34	60	0.890334051424899
833	5	1	199	13	0.890334051424899
833	3600	27	61	61	0.890334051424899
833	4820	37	289	284	0.890334051424899
833	1304	41	120	127	0.890334051424899
833	1305	41	124	53	0.0548329742875503
833	1306	41	118	121	0.0548329742875503
833	4	1	193	148	0.0548329742875503
833	4098	24	158	162	0.0548329742875505
833	4099	24	162	163	0.0548329742875503
833	4094	24	153	159	0.0548329742875505
833	8505	10	11	14	0.890334051424899
833	3601	27	63	65	0.0548329742875505
833	3	1	148	196	0.890334051424899
833	882	2	149	140	0.890334051424899
833	3602	27	56	116	0.0548329742875503
833	776	2	115	137	0.0548329742875503
833	6782	6	224	211	0.890334051424899
833	6778	6	203	212	0.890334051424899
833	775	2	198	139	0.0548329742875506
833	6779	6	222	192	0.0548329742875504
833	6781	6	22	181	0.890334051424899
833	4824	37	286	290	0.890334051424899
833	4819	37	279	293	0.0548329742875506
833	4822	37	282	294	0.890334051424899
833	8504	10	10	29	0.890334051424899
833	8911	11	212	219	0.0548329742875505
833	8909	11	213	218	0.890334051424899
833	6780	6	15	17	0.890334051424899
